name,album,track_number,id,uri,Short Form
Fortnight (feat. Post Malone),THE TORTURED POETS DEPARTMENT: THE ANTHOLOGY,1,6dODwocEuGzHAavXqTbwHv,spotify:track:6dODwocEuGzHAavXqTbwHv,F(PM)
The Tortured Poets Department,THE TORTURED POETS DEPARTMENT: THE ANTHOLOGY,2,4PdLaGZubp4lghChqp8erB,spotify:track:4PdLaGZubp4lghChqp8erB,TTPD
My Boy Only Breaks His Favorite Toys,THE TORTURED POETS DEPARTMENT: THE ANTHOLOGY,3,7uGYWMwRy24dm7RUDDhUlD,spotify:track:7uGYWMwRy24dm7RUDDhUlD,MBOBHFT
Down Bad,THE TORTURED POETS DEPARTMENT: THE ANTHOLOGY,4,1kbEbBdEgQdQeLXCJh28pJ,spotify:track:1kbEbBdEgQdQeLXCJh28pJ,DB
"So Long, London",THE TORTURED POETS DEPARTMENT: THE ANTHOLOGY,5,7wAkQFShJ27V8362MqevQr,spotify:track:7wAkQFShJ27V8362MqevQr,SLL
But Daddy I Love Him,THE TORTURED POETS DEPARTMENT: THE ANTHOLOGY,6,4QMgEffJQuKtjCNvqfRZ0m,spotify:track:4QMgEffJQuKtjCNvqfRZ0m,BDLH
Fresh Out The Slammer,THE TORTURED POETS DEPARTMENT: THE ANTHOLOGY,7,7IWcDWOfiooH5hRs9XOVYz,spotify:track:7IWcDWOfiooH5hRs9XOVYz,FOTS
Florida!!! (feat. Florence + The Machine),THE TORTURED POETS DEPARTMENT: THE ANTHOLOGY,8,5ExOm0dh4NyRyAdSAO9hyM,spotify:track:5ExOm0dh4NyRyAdSAO9hyM,F(FTM)
Guilty as Sin?,THE TORTURED POETS DEPARTMENT: THE ANTHOLOGY,9,799KrpEbhZp0MHeiA8YK9P,spotify:track:799KrpEbhZp0MHeiA8YK9P,GAS
Who’s Afraid of Little Old Me?,THE TORTURED POETS DEPARTMENT: THE ANTHOLOGY,10,2d8UxVNhJinc8uat9PoM9y,spotify:track:2d8UxVNhJinc8uat9PoM9y,WAOLOM
I Can Fix Him (No Really I Can),THE TORTURED POETS DEPARTMENT: THE ANTHOLOGY,11,5chnRTB9qMK3W1M41SnU9s,spotify:track:5chnRTB9qMK3W1M41SnU9s,CFH(NRC)
loml,THE TORTURED POETS DEPARTMENT: THE ANTHOLOGY,12,3YkNIrAvbKNrrwwEd7NVLl,spotify:track:3YkNIrAvbKNrrwwEd7NVLl,L
I Can Do It With a Broken Heart,THE TORTURED POETS DEPARTMENT: THE ANTHOLOGY,13,2fPvQfGQEZOKtJ9qXeL4x8,spotify:track:2fPvQfGQEZOKtJ9qXeL4x8,CDIWBH
The Smallest Man Who Ever Lived,THE TORTURED POETS DEPARTMENT: THE ANTHOLOGY,14,1xtw1krCR6Dw2KwkXw5z63,spotify:track:1xtw1krCR6Dw2KwkXw5z63,TSMWEL
The Alchemy,THE TORTURED POETS DEPARTMENT: THE ANTHOLOGY,15,1tuNqJOtRQVHvONR8Lg3MZ,spotify:track:1tuNqJOtRQVHvONR8Lg3MZ,TA
Clara Bow,THE TORTURED POETS DEPARTMENT: THE ANTHOLOGY,16,4d9PtIEVij9jW5OaLinH66,spotify:track:4d9PtIEVij9jW5OaLinH66,CB
The Black Dog,THE TORTURED POETS DEPARTMENT: THE ANTHOLOGY,17,62E2nR0od0M5HYxuYLaDz7,spotify:track:62E2nR0od0M5HYxuYLaDz7,TBD
imgonnagetyouback,THE TORTURED POETS DEPARTMENT: THE ANTHOLOGY,18,1kcwpPDQnqEqmezzXdJTCP,spotify:track:1kcwpPDQnqEqmezzXdJTCP,I
The Albatross,THE TORTURED POETS DEPARTMENT: THE ANTHOLOGY,19,4EF6IyONolQy0bIQXm2EmX,spotify:track:4EF6IyONolQy0bIQXm2EmX,TA
Chloe or Sam or Sophia or Marcus,THE TORTURED POETS DEPARTMENT: THE ANTHOLOGY,20,1rmEsOezwf2lmIZTMAO5Ag,spotify:track:1rmEsOezwf2lmIZTMAO5Ag,COSOSOM
How Did It End?,THE TORTURED POETS DEPARTMENT: THE ANTHOLOGY,21,5Bedn0svl0ZD7RGmJkmKKw,spotify:track:5Bedn0svl0ZD7RGmJkmKKw,HDIE
So High School,THE TORTURED POETS DEPARTMENT: THE ANTHOLOGY,22,7Mts0OfPorF4iwOomvfqn1,spotify:track:7Mts0OfPorF4iwOomvfqn1,SHS
I Hate It Here,THE TORTURED POETS DEPARTMENT: THE ANTHOLOGY,23,3hlGuz3loYoLfI3bpwieWq,spotify:track:3hlGuz3loYoLfI3bpwieWq,HIH
thanK you aIMee,THE TORTURED POETS DEPARTMENT: THE ANTHOLOGY,24,7ogK4lJDVDMU6A6vYR5rvD,spotify:track:7ogK4lJDVDMU6A6vYR5rvD,TYA
I Look in People's Windows,THE TORTURED POETS DEPARTMENT: THE ANTHOLOGY,25,1Zai5UJ2di3qEuR2HeT2s8,spotify:track:1Zai5UJ2di3qEuR2HeT2s8,LIPW
The Prophecy,THE TORTURED POETS DEPARTMENT: THE ANTHOLOGY,26,18WFFUIsewmA8g31KAeo3e,spotify:track:18WFFUIsewmA8g31KAeo3e,TP
Cassandra,THE TORTURED POETS DEPARTMENT: THE ANTHOLOGY,27,0g4fMVo4JjwnIpTfFfLdxS,spotify:track:0g4fMVo4JjwnIpTfFfLdxS,C
Peter,THE TORTURED POETS DEPARTMENT: THE ANTHOLOGY,28,3zMDGj4D8ogaYgAIZPeU7S,spotify:track:3zMDGj4D8ogaYgAIZPeU7S,P
The Bolter,THE TORTURED POETS DEPARTMENT: THE ANTHOLOGY,29,2913xXOVAIDAqxzV2g4VcU,spotify:track:2913xXOVAIDAqxzV2g4VcU,TB
Robin,THE TORTURED POETS DEPARTMENT: THE ANTHOLOGY,30,2CnjDMdpRjlWv04Xk3s6MW,spotify:track:2CnjDMdpRjlWv04Xk3s6MW,R
The Manuscript,THE TORTURED POETS DEPARTMENT: THE ANTHOLOGY,31,1DTRUYVd8rYpla9hhVVwjo,spotify:track:1DTRUYVd8rYpla9hhVVwjo,TM
Fortnight (feat. Post Malone),THE TORTURED POETS DEPARTMENT,1,2OzhQlSqBEmt7hmkYxfT6m,spotify:track:2OzhQlSqBEmt7hmkYxfT6m,F(PM)
The Tortured Poets Department,THE TORTURED POETS DEPARTMENT,2,3NMrVbIVWT3fPXBj0rNDKG,spotify:track:3NMrVbIVWT3fPXBj0rNDKG,TTPD
My Boy Only Breaks His Favorite Toys,THE TORTURED POETS DEPARTMENT,3,2XXwLdtuAcE0HSCu61ijAb,spotify:track:2XXwLdtuAcE0HSCu61ijAb,MBOBHFT
Down Bad,THE TORTURED POETS DEPARTMENT,4,2F3N9tdombb64aW6VtZOdo,spotify:track:2F3N9tdombb64aW6VtZOdo,DB
"So Long, London",THE TORTURED POETS DEPARTMENT,5,3Vevii7qKqrmW8CcyzBHDl,spotify:track:3Vevii7qKqrmW8CcyzBHDl,SLL
But Daddy I Love Him,THE TORTURED POETS DEPARTMENT,6,5og4Qzt92jJzVDkOtSEilb,spotify:track:5og4Qzt92jJzVDkOtSEilb,BDLH
Fresh Out The Slammer,THE TORTURED POETS DEPARTMENT,7,3fO566xJgwxIa3qGCGBvIC,spotify:track:3fO566xJgwxIa3qGCGBvIC,FOTS
Florida!!! (feat. Florence + The Machine),THE TORTURED POETS DEPARTMENT,8,3ZVFcD8Wlw9T9klGqmJf9F,spotify:track:3ZVFcD8Wlw9T9klGqmJf9F,F(FTM)
Guilty as Sin?,THE TORTURED POETS DEPARTMENT,9,0W0iAC1VGlB82PI6elxFYf,spotify:track:0W0iAC1VGlB82PI6elxFYf,GAS
Who’s Afraid of Little Old Me?,THE TORTURED POETS DEPARTMENT,10,36t6frENUtCYKuZus6aYDO,spotify:track:36t6frENUtCYKuZus6aYDO,WAOLOM
I Can Fix Him (No Really I Can),THE TORTURED POETS DEPARTMENT,11,2h3MDMf8sd9s4XIzpTBIjX,spotify:track:2h3MDMf8sd9s4XIzpTBIjX,CFH(NRC)
loml,THE TORTURED POETS DEPARTMENT,12,6RSG1dKPV5gEvILwJb4QtS,spotify:track:6RSG1dKPV5gEvILwJb4QtS,L
I Can Do It With a Broken Heart,THE TORTURED POETS DEPARTMENT,13,4q5YezDOIPcoLr8R81x9qy,spotify:track:4q5YezDOIPcoLr8R81x9qy,CDIWBH
The Smallest Man Who Ever Lived,THE TORTURED POETS DEPARTMENT,14,2v1ivOOsgn64g5OywuH55L,spotify:track:2v1ivOOsgn64g5OywuH55L,TSMWEL
The Alchemy,THE TORTURED POETS DEPARTMENT,15,1dhMTsEZz6ZEquGvmzVoHn,spotify:track:1dhMTsEZz6ZEquGvmzVoHn,TA
Clara Bow,THE TORTURED POETS DEPARTMENT,16,1UlhrRvYzbHEyugEDspXUB,spotify:track:1UlhrRvYzbHEyugEDspXUB,CB
Welcome To New York (Taylor's Version),1989 (Taylor's Version) [Deluxe],1,4WUepByoeqcedHoYhSNHRt,spotify:track:4WUepByoeqcedHoYhSNHRt,WTNY(TV)
Blank Space (Taylor's Version),1989 (Taylor's Version) [Deluxe],2,0108kcWLnn2HlH2kedi1gn,spotify:track:0108kcWLnn2HlH2kedi1gn,BS(TV)
Style (Taylor's Version),1989 (Taylor's Version) [Deluxe],3,3Vpk1hfMAQme8VJ0SNRSkd,spotify:track:3Vpk1hfMAQme8VJ0SNRSkd,S(TV)
Out Of The Woods (Taylor's Version),1989 (Taylor's Version) [Deluxe],4,1OcSfkeCg9hRC2sFKB4IMJ,spotify:track:1OcSfkeCg9hRC2sFKB4IMJ,OOTW(TV)
All You Had To Do Was Stay (Taylor's Version),1989 (Taylor's Version) [Deluxe],5,2k0ZEeAqzvYMcx9Qt5aClQ,spotify:track:2k0ZEeAqzvYMcx9Qt5aClQ,AYHTDWS(TV)
Shake It Off (Taylor's Version),1989 (Taylor's Version) [Deluxe],6,50yNTF0Od55qnHLxYsA5Pw,spotify:track:50yNTF0Od55qnHLxYsA5Pw,SIO(TV)
I Wish You Would (Taylor's Version),1989 (Taylor's Version) [Deluxe],7,3FxJDucHWdw6caWTKO5b23,spotify:track:3FxJDucHWdw6caWTKO5b23,WYW(TV)
Bad Blood (Taylor's Version),1989 (Taylor's Version) [Deluxe],8,7oZONwFiFIErZcXAtTu7FY,spotify:track:7oZONwFiFIErZcXAtTu7FY,BB(TV)
Wildest Dreams (Taylor's Version),1989 (Taylor's Version) [Deluxe],9,27exgla7YBw9DUNNcTIpjy,spotify:track:27exgla7YBw9DUNNcTIpjy,WD(TV)
How You Get The Girl (Taylor's Version),1989 (Taylor's Version) [Deluxe],10,733OhaXQIHY7BKtY3vnSkn,spotify:track:733OhaXQIHY7BKtY3vnSkn,HYGTG(TV)
This Love (Taylor’s Version),1989 (Taylor's Version) [Deluxe],11,4WBEj8TeGtRPNJdOmT3WJW,spotify:track:4WBEj8TeGtRPNJdOmT3WJW,TL(TV)
I Know Places (Taylor's Version),1989 (Taylor's Version) [Deluxe],12,1ULabO0PEsdJekqVH6G10G,spotify:track:1ULabO0PEsdJekqVH6G10G,KP(TV)
Clean (Taylor's Version),1989 (Taylor's Version) [Deluxe],13,0lKUBmEyQfzsQHozyeXzES,spotify:track:0lKUBmEyQfzsQHozyeXzES,C(TV)
Wonderland (Taylor's Version),1989 (Taylor's Version) [Deluxe],14,6HRsJu8vcnzYDN4t0570FY,spotify:track:6HRsJu8vcnzYDN4t0570FY,W(TV)
You Are In Love (Taylor's Version),1989 (Taylor's Version) [Deluxe],15,0TyGh27YQ5LknmiDhCzJiT,spotify:track:0TyGh27YQ5LknmiDhCzJiT,YAIL(TV)
New Romantics (Taylor's Version),1989 (Taylor's Version) [Deluxe],16,5M787RexsAiVYjQusM98CV,spotify:track:5M787RexsAiVYjQusM98CV,NR(TV)
"""Slut!"" (Taylor's Version) (From The Vault)",1989 (Taylor's Version) [Deluxe],17,0CD7DzeCsuPJygddqlUVYa,spotify:track:0CD7DzeCsuPJygddqlUVYa,S(TV)(FTV)
Say Don't Go (Taylor's Version) (From The Vault),1989 (Taylor's Version) [Deluxe],18,3CCRVu4F91Qp2mnGjmWBrf,spotify:track:3CCRVu4F91Qp2mnGjmWBrf,SDG(TV)(FTV)
Now That We Don't Talk (Taylor's Version) (From The Vault),1989 (Taylor's Version) [Deluxe],19,5QUIK7ZtziW8kGWo8RqopF,spotify:track:5QUIK7ZtziW8kGWo8RqopF,NTWDT(TV)(FTV)
Suburban Legends (Taylor's Version) (From The Vault),1989 (Taylor's Version) [Deluxe],20,6M9ppdfFjR1AbpUl3Y8DcV,spotify:track:6M9ppdfFjR1AbpUl3Y8DcV,SL(TV)(FTV)
Is It Over Now? (Taylor's Version) (From The Vault),1989 (Taylor's Version) [Deluxe],21,6IG3sQ8s9nfk6TUlVzRhbN,spotify:track:6IG3sQ8s9nfk6TUlVzRhbN,IION(TV)(FTV)
Bad Blood (feat. Kendrick Lamar) (Taylor's Version),1989 (Taylor's Version) [Deluxe],22,6qAcApH8obo8eqatCKUHd9,spotify:track:6qAcApH8obo8eqatCKUHd9,BB(KL)(TV)
Welcome To New York (Taylor's Version),1989 (Taylor's Version),1,1hR8BSuEqPCCZfv93zzzz9,spotify:track:1hR8BSuEqPCCZfv93zzzz9,WTNY(TV)
Blank Space (Taylor's Version),1989 (Taylor's Version),2,45wMBGri1PORPjM9PwFfrS,spotify:track:45wMBGri1PORPjM9PwFfrS,BS(TV)
Style (Taylor's Version),1989 (Taylor's Version),3,1hjRhYpWyqDpPahmSlUTlc,spotify:track:1hjRhYpWyqDpPahmSlUTlc,S(TV)
Out Of The Woods (Taylor's Version),1989 (Taylor's Version),4,045ZeOHPIzhxxsm8bq5kyE,spotify:track:045ZeOHPIzhxxsm8bq5kyE,OOTW(TV)
All You Had To Do Was Stay (Taylor's Version),1989 (Taylor's Version),5,6GXgd1BPD9bUpqw5AntGV5,spotify:track:6GXgd1BPD9bUpqw5AntGV5,AYHTDWS(TV)
Shake It Off (Taylor's Version),1989 (Taylor's Version),6,3pv7Q5v2dpdefwdWIvE7yH,spotify:track:3pv7Q5v2dpdefwdWIvE7yH,SIO(TV)
I Wish You Would (Taylor's Version),1989 (Taylor's Version),7,43y1WpBdnEy5TR9aZoSQL9,spotify:track:43y1WpBdnEy5TR9aZoSQL9,WYW(TV)
Bad Blood (Taylor's Version),1989 (Taylor's Version),8,64FzgoLZ3oXu2SriZblHic,spotify:track:64FzgoLZ3oXu2SriZblHic,BB(TV)
Wildest Dreams (Taylor's Version),1989 (Taylor's Version),9,1K39ty6o1sHwwlZwO6a7wK,spotify:track:1K39ty6o1sHwwlZwO6a7wK,WD(TV)
How You Get The Girl (Taylor's Version),1989 (Taylor's Version),10,75W3SngKzTuoQ94uLf3y82,spotify:track:75W3SngKzTuoQ94uLf3y82,HYGTG(TV)
This Love (Taylor’s Version),1989 (Taylor's Version),11,5QVVjX0ZItqlVpEuVCM9Yg,spotify:track:5QVVjX0ZItqlVpEuVCM9Yg,TL(TV)
I Know Places (Taylor's Version),1989 (Taylor's Version),12,2f0GI2ZLUtbGqFx8t2Gk6A,spotify:track:2f0GI2ZLUtbGqFx8t2Gk6A,KP(TV)
Clean (Taylor's Version),1989 (Taylor's Version),13,2ByBBvpR9b7IynvRmnG7kG,spotify:track:2ByBBvpR9b7IynvRmnG7kG,C(TV)
Wonderland (Taylor's Version),1989 (Taylor's Version),14,2ve0kuaWUCt4Zx8x4bf1MR,spotify:track:2ve0kuaWUCt4Zx8x4bf1MR,W(TV)
You Are In Love (Taylor's Version),1989 (Taylor's Version),15,4UwqOWDpdeIDVQDuKT6iza,spotify:track:4UwqOWDpdeIDVQDuKT6iza,YAIL(TV)
New Romantics (Taylor's Version),1989 (Taylor's Version),16,2vPMoMDXxu9uX1igWZmXSG,spotify:track:2vPMoMDXxu9uX1igWZmXSG,NR(TV)
"""Slut!"" (Taylor's Version) (From The Vault)",1989 (Taylor's Version),17,71BqAINEnezjQfxE4VuJfq,spotify:track:71BqAINEnezjQfxE4VuJfq,S(TV)(FTV)
Say Don't Go (Taylor's Version) (From The Vault),1989 (Taylor's Version),18,4NioO5R9sHEZh4cGzMHyNt,spotify:track:4NioO5R9sHEZh4cGzMHyNt,SDG(TV)(FTV)
Now That We Don't Talk (Taylor's Version) (From The Vault),1989 (Taylor's Version),19,5KD6AEm19QnMbfWpfoOHMl,spotify:track:5KD6AEm19QnMbfWpfoOHMl,NTWDT(TV)(FTV)
Suburban Legends (Taylor's Version) (From The Vault),1989 (Taylor's Version),20,6T0sEnqjmHISIKwFETeeiP,spotify:track:6T0sEnqjmHISIKwFETeeiP,SL(TV)(FTV)
Is It Over Now? (Taylor's Version) (From The Vault),1989 (Taylor's Version),21,1Iq8oo9XkmmvCQiGOfORiz,spotify:track:1Iq8oo9XkmmvCQiGOfORiz,IION(TV)(FTV)
Mine (Taylor's Version),Speak Now (Taylor's Version),1,7G0gBu6nLdhFDPRLc0HdDG,spotify:track:7G0gBu6nLdhFDPRLc0HdDG,M(TV)
Sparks Fly (Taylor’s Version),Speak Now (Taylor's Version),2,3MytWN8L7shNYzGl4tAKRp,spotify:track:3MytWN8L7shNYzGl4tAKRp,SF(TV)
Back To December (Taylor's Version),Speak Now (Taylor's Version),3,79uDOz0zuuWS7HWxzMmTa2,spotify:track:79uDOz0zuuWS7HWxzMmTa2,BTD(TV)
Speak Now (Taylor's Version),Speak Now (Taylor's Version),4,5xXqyjLicvEpch72qEryFT,spotify:track:5xXqyjLicvEpch72qEryFT,SN(TV)
Dear John (Taylor's Version),Speak Now (Taylor's Version),5,1zU8j1x3yi9xalMF96pzKp,spotify:track:1zU8j1x3yi9xalMF96pzKp,DJ(TV)
Mean (Taylor's Version),Speak Now (Taylor's Version),6,30Y4CV7A6YqtQtTTo7Ue4j,spotify:track:30Y4CV7A6YqtQtTTo7Ue4j,M(TV)
The Story Of Us (Taylor's Version),Speak Now (Taylor's Version),7,6dTA6y0C2ReQklntzZl8l3,spotify:track:6dTA6y0C2ReQklntzZl8l3,TSOU(TV)
Never Grow Up (Taylor's Version),Speak Now (Taylor's Version),8,2EFZ9emtKWEglWUQGEQ3P9,spotify:track:2EFZ9emtKWEglWUQGEQ3P9,NGU(TV)
Enchanted (Taylor's Version),Speak Now (Taylor's Version),9,3sW3oSbzsfecv9XoUdGs7h,spotify:track:3sW3oSbzsfecv9XoUdGs7h,E(TV)
Better Than Revenge (Taylor's Version),Speak Now (Taylor's Version),10,0NwGC0v03ysCYINtg6ns58,spotify:track:0NwGC0v03ysCYINtg6ns58,BTR(TV)
Innocent (Taylor's Version),Speak Now (Taylor's Version),11,12nBPF4Rh4XLFJV0YLN7uj,spotify:track:12nBPF4Rh4XLFJV0YLN7uj,I(TV)
Haunted (Taylor's Version),Speak Now (Taylor's Version),12,4tMzIAFTFdqGBQLdfbPces,spotify:track:4tMzIAFTFdqGBQLdfbPces,H(TV)
Last Kiss (Taylor's Version),Speak Now (Taylor's Version),13,59KOoHFcw5XfICnO57holu,spotify:track:59KOoHFcw5XfICnO57holu,LK(TV)
Long Live (Taylor's Version),Speak Now (Taylor's Version),14,4hqJ4bSlYJOXb6Z4SRmzxs,spotify:track:4hqJ4bSlYJOXb6Z4SRmzxs,LL(TV)
Ours (Taylor’s Version),Speak Now (Taylor's Version),15,3yNJkriPzWjkkDAWHIAVUq,spotify:track:3yNJkriPzWjkkDAWHIAVUq,O(TV)
Superman (Taylor’s Version),Speak Now (Taylor's Version),16,4evLyY5Ue1Wesc61t2KXAU,spotify:track:4evLyY5Ue1Wesc61t2KXAU,S(TV)
Electric Touch (feat. Fall Out Boy) (Taylor’s Version) (From The Vault),Speak Now (Taylor's Version),17,4e3ZNTAV6PCrdYMUrUlMpQ,spotify:track:4e3ZNTAV6PCrdYMUrUlMpQ,ET(FOB)(TV)(FTV)
When Emma Falls in Love (Taylor’s Version) (From The Vault),Speak Now (Taylor's Version),18,0zo975x58DlXbZllWvfYhg,spotify:track:0zo975x58DlXbZllWvfYhg,WEFIL(TV)(FTV)
I Can See You (Taylor’s Version) (From The Vault),Speak Now (Taylor's Version),19,5kHMfzgLZP95O9NBy0ku4v,spotify:track:5kHMfzgLZP95O9NBy0ku4v,CSY(TV)(FTV)
Castles Crumbling (feat. Hayley Williams) (Taylor’s Version) (From The Vault),Speak Now (Taylor's Version),20,4ABYxlb92WBIjHu7TIKmml,spotify:track:4ABYxlb92WBIjHu7TIKmml,CC(HW)(TV)(FTV)
Foolish One (Taylor’s Version) (From The Vault),Speak Now (Taylor's Version),21,4s8BIKx4Zh6ryAEz8RTlaU,spotify:track:4s8BIKx4Zh6ryAEz8RTlaU,FO(TV)(FTV)
Timeless (Taylor’s Version) (From The Vault),Speak Now (Taylor's Version),22,1HCdems7PQZRj42QDWLA0A,spotify:track:1HCdems7PQZRj42QDWLA0A,T(TV)(FTV)
Lavender Haze,Midnights (The Til Dawn Edition),1,24emu3sabKISjRkrys28jq,spotify:track:24emu3sabKISjRkrys28jq,LH
Maroon,Midnights (The Til Dawn Edition),2,6qxvy9Pe4RJIq5JBVbbwbS,spotify:track:6qxvy9Pe4RJIq5JBVbbwbS,M
Anti-Hero,Midnights (The Til Dawn Edition),3,5qIHFdkW6phMsTZlN2g8Lc,spotify:track:5qIHFdkW6phMsTZlN2g8Lc,AH
Snow On The Beach (feat. Lana Del Rey),Midnights (The Til Dawn Edition),4,7GA86Uo2jYbj8vIXe2nyWd,spotify:track:7GA86Uo2jYbj8vIXe2nyWd,SOTB(LDR)
"You're On Your Own, Kid",Midnights (The Til Dawn Edition),5,6PQOU00xWNrGwCZzboriXy,spotify:track:6PQOU00xWNrGwCZzboriXy,YOYOK
Midnight Rain,Midnights (The Til Dawn Edition),6,4eKMqf9ZMSclDX7V9Ptg7x,spotify:track:4eKMqf9ZMSclDX7V9Ptg7x,MR
Question...?,Midnights (The Til Dawn Edition),7,7oomkQSYf1ia2VnVEWfFIU,spotify:track:7oomkQSYf1ia2VnVEWfFIU,Q
Vigilante Shit,Midnights (The Til Dawn Edition),8,0GKDhq6ZbmSbRHd3eyGlB7,spotify:track:0GKDhq6ZbmSbRHd3eyGlB7,VS
Bejeweled,Midnights (The Til Dawn Edition),9,0VpF6RLdCfPIeYRwMu4tZK,spotify:track:0VpF6RLdCfPIeYRwMu4tZK,B
Labyrinth,Midnights (The Til Dawn Edition),10,4bBDkw2KBMX0tcgAaXC83Q,spotify:track:4bBDkw2KBMX0tcgAaXC83Q,L
Karma,Midnights (The Til Dawn Edition),11,45R112Jz5hQeKgITXgSXzs,spotify:track:45R112Jz5hQeKgITXgSXzs,K
Sweet Nothing,Midnights (The Til Dawn Edition),12,2L09RYwH5Pjzca6PmbUAw3,spotify:track:2L09RYwH5Pjzca6PmbUAw3,SN
Mastermind,Midnights (The Til Dawn Edition),13,1QQii3pa5m8MEda0nbkjfw,spotify:track:1QQii3pa5m8MEda0nbkjfw,M
The Great War,Midnights (The Til Dawn Edition),14,2VuqMjgoKaOHNM8HpxtXKx,spotify:track:2VuqMjgoKaOHNM8HpxtXKx,TGW
Bigger Than The Whole Sky,Midnights (The Til Dawn Edition),15,71CBDRKmF2VeRKYMG1DFBh,spotify:track:71CBDRKmF2VeRKYMG1DFBh,BTTWS
Paris,Midnights (The Til Dawn Edition),16,5tWxKWq1DSP1s9WQ5PWuqu,spotify:track:5tWxKWq1DSP1s9WQ5PWuqu,P
High Infidelity,Midnights (The Til Dawn Edition),17,1SztNGCwEHJEVFx90E5g7D,spotify:track:1SztNGCwEHJEVFx90E5g7D,HI
Glitch,Midnights (The Til Dawn Edition),18,7C0w28EsX0Um2FrZs9gso2,spotify:track:7C0w28EsX0Um2FrZs9gso2,G
"Would've, Could've, Should've",Midnights (The Til Dawn Edition),19,4txojlesMFQZGWxwz2EeqB,spotify:track:4txojlesMFQZGWxwz2EeqB,WCS
Dear Reader,Midnights (The Til Dawn Edition),20,10GRRCR5fctuOF4GFmATJI,spotify:track:10GRRCR5fctuOF4GFmATJI,DR
Hits Different,Midnights (The Til Dawn Edition),21,3xYJScVfxByb61dYHTwiby,spotify:track:3xYJScVfxByb61dYHTwiby,HD
Snow On The Beach (feat. More Lana Del Rey),Midnights (The Til Dawn Edition),22,4zmKGsrXjLmljb5fTaBTot,spotify:track:4zmKGsrXjLmljb5fTaBTot,SOTB(MLDR)
Karma (feat. Ice Spice),Midnights (The Til Dawn Edition),23,4i6cwNY6oIUU2XZxPIw82Y,spotify:track:4i6cwNY6oIUU2XZxPIw82Y,K(IS)
Lavender Haze,Midnights (3am Edition),1,4g2c7NoTWAOSYDy44l9nub,spotify:track:4g2c7NoTWAOSYDy44l9nub,LH
Maroon,Midnights (3am Edition),2,199E1RRrVmVTQqBXih5qRC,spotify:track:199E1RRrVmVTQqBXih5qRC,M
Anti-Hero,Midnights (3am Edition),3,02Zkkf2zMkwRGQjZ7T4p8f,spotify:track:02Zkkf2zMkwRGQjZ7T4p8f,AH
Snow On The Beach (feat. Lana Del Rey),Midnights (3am Edition),4,6ADDIJxxqzM9LMpm78yzQG,spotify:track:6ADDIJxxqzM9LMpm78yzQG,SOTB(LDR)
"You're On Your Own, Kid",Midnights (3am Edition),5,7gVWKBcfIW93YxNBi3ApIE,spotify:track:7gVWKBcfIW93YxNBi3ApIE,YOYOK
Midnight Rain,Midnights (3am Edition),6,6Nl7KyvjkFncGsjB49SxLl,spotify:track:6Nl7KyvjkFncGsjB49SxLl,MR
Question...?,Midnights (3am Edition),7,6C7OF1Jal7YkyjzyUG8vkK,spotify:track:6C7OF1Jal7YkyjzyUG8vkK,Q
Vigilante Shit,Midnights (3am Edition),8,5yeuXkukVGuix3vmLu2BPJ,spotify:track:5yeuXkukVGuix3vmLu2BPJ,VS
Bejeweled,Midnights (3am Edition),9,0jvo9CjnbR0lYUDTSNTMiu,spotify:track:0jvo9CjnbR0lYUDTSNTMiu,B
Labyrinth,Midnights (3am Edition),10,43q586vP8gGkYypKoSddhl,spotify:track:43q586vP8gGkYypKoSddhl,L
Karma,Midnights (3am Edition),11,5oqDgw5VGBln5dSIOPWyBq,spotify:track:5oqDgw5VGBln5dSIOPWyBq,K
Sweet Nothing,Midnights (3am Edition),12,3zmwONxswBAzGwExPugSLN,spotify:track:3zmwONxswBAzGwExPugSLN,SN
Mastermind,Midnights (3am Edition),13,56hioFjQ0DXrdn04hZcFgG,spotify:track:56hioFjQ0DXrdn04hZcFgG,M
The Great War,Midnights (3am Edition),14,3UMrglJeju5yWyYIW6o99b,spotify:track:3UMrglJeju5yWyYIW6o99b,TGW
Bigger Than The Whole Sky,Midnights (3am Edition),15,0BiqmkasE5FdrChwKfVp8X,spotify:track:0BiqmkasE5FdrChwKfVp8X,BTTWS
Paris,Midnights (3am Edition),16,7712gjoih4QoDbXpljEk21,spotify:track:7712gjoih4QoDbXpljEk21,P
High Infidelity,Midnights (3am Edition),17,5kiZGSxgqPdv6rbqL9THdd,spotify:track:5kiZGSxgqPdv6rbqL9THdd,HI
Glitch,Midnights (3am Edition),18,6wAFvJPpTZVirBKGZ4EnMW,spotify:track:6wAFvJPpTZVirBKGZ4EnMW,G
"Would've, Could've, Should've",Midnights (3am Edition),19,0aV5uARAknQgYhBaK944FP,spotify:track:0aV5uARAknQgYhBaK944FP,WCS
Dear Reader,Midnights (3am Edition),20,3QF5RsWzK1lCvf2o2cY65P,spotify:track:3QF5RsWzK1lCvf2o2cY65P,DR
Lavender Haze,Midnights,1,5jQI2r1RdgtuT8S3iG8zFC,spotify:track:5jQI2r1RdgtuT8S3iG8zFC,LH
Maroon,Midnights,2,3eX0NZfLtGzoLUxPNvRfqm,spotify:track:3eX0NZfLtGzoLUxPNvRfqm,M
Anti-Hero,Midnights,3,0V3wPSX9ygBnCm8psDIegu,spotify:track:0V3wPSX9ygBnCm8psDIegu,AH
Snow On The Beach (feat. Lana Del Rey),Midnights,4,1wtOxkiel43cVs0Yux5Q4h,spotify:track:1wtOxkiel43cVs0Yux5Q4h,SOTB(LDR)
"You're On Your Own, Kid",Midnights,5,4D7BCuvgdJlYvlX5WlN54t,spotify:track:4D7BCuvgdJlYvlX5WlN54t,YOYOK
Midnight Rain,Midnights,6,3rWDp9tBPQR9z6U5YyRSK4,spotify:track:3rWDp9tBPQR9z6U5YyRSK4,MR
Question...?,Midnights,7,0heeNYlwOGuUSe7TgUD27B,spotify:track:0heeNYlwOGuUSe7TgUD27B,Q
Vigilante Shit,Midnights,8,1xwAWUI6Dj0WGC3KiUPN0O,spotify:track:1xwAWUI6Dj0WGC3KiUPN0O,VS
Bejeweled,Midnights,9,3qoftcUZaUOncvIYjFSPdE,spotify:track:3qoftcUZaUOncvIYjFSPdE,B
Labyrinth,Midnights,10,0A1JLUlkZkp2EFrosoNQi0,spotify:track:0A1JLUlkZkp2EFrosoNQi0,L
Karma,Midnights,11,7KokYm8cMIXCsGVmUvKtqf,spotify:track:7KokYm8cMIXCsGVmUvKtqf,K
Sweet Nothing,Midnights,12,0wavGRldH0AWyu2zvTz8zb,spotify:track:0wavGRldH0AWyu2zvTz8zb,SN
Mastermind,Midnights,13,7FmYn9e7KHMXcxqGSj9LjH,spotify:track:7FmYn9e7KHMXcxqGSj9LjH,M
State Of Grace (Taylor's Version),Red (Taylor's Version),1,6lzc0Al0zfZOIFsFvBS1ki,spotify:track:6lzc0Al0zfZOIFsFvBS1ki,SOG(TV)
Red (Taylor's Version),Red (Taylor's Version),2,4OAuvHryIVv4kMDNSLuPt6,spotify:track:4OAuvHryIVv4kMDNSLuPt6,R(TV)
Treacherous (Taylor's Version),Red (Taylor's Version),3,3S7HNKPakdwNEBFIVTL6dZ,spotify:track:3S7HNKPakdwNEBFIVTL6dZ,T(TV)
I Knew You Were Trouble (Taylor's Version),Red (Taylor's Version),4,6AtZLIzUINvExIUy4QhdjP,spotify:track:6AtZLIzUINvExIUy4QhdjP,KYWT(TV)
All Too Well (Taylor's Version),Red (Taylor's Version),5,3nsfB1vus2qaloUdcBZvDu,spotify:track:3nsfB1vus2qaloUdcBZvDu,ATW(TV)
22 (Taylor's Version),Red (Taylor's Version),6,3yII7UwgLF6K5zW3xad3MP,spotify:track:3yII7UwgLF6K5zW3xad3MP,2(TV)
I Almost Do (Taylor's Version),Red (Taylor's Version),7,2r9CbjYgFhtAmcFv1cSquB,spotify:track:2r9CbjYgFhtAmcFv1cSquB,AD(TV)
We Are Never Ever Getting Back Together (Taylor's Version),Red (Taylor's Version),8,5YqltLsjdqFtvqE7Nrysvs,spotify:track:5YqltLsjdqFtvqE7Nrysvs,WANEGBT(TV)
Stay Stay Stay (Taylor's Version),Red (Taylor's Version),9,7eQj6r5PIdYKEIZjucBMcq,spotify:track:7eQj6r5PIdYKEIZjucBMcq,SSS(TV)
The Last Time (feat. Gary Lightbody of Snow Patrol) (Taylor’s Version),Red (Taylor's Version),10,0y6kdSRCVQhSsHSpWvTUm7,spotify:track:0y6kdSRCVQhSsHSpWvTUm7,TLT(GLOSP)(TV)
Holy Ground (Taylor's Version),Red (Taylor's Version),11,7J4b3LVCIGO4CMBDFLPoP6,spotify:track:7J4b3LVCIGO4CMBDFLPoP6,HG(TV)
Sad Beautiful Tragic (Taylor's Version),Red (Taylor's Version),12,73qMN9bXy7MSPwwGfH3wQr,spotify:track:73qMN9bXy7MSPwwGfH3wQr,SBT(TV)
The Lucky One (Taylor's Version),Red (Taylor's Version),13,4e5ayHsOLJNLTGfjau2mEw,spotify:track:4e5ayHsOLJNLTGfjau2mEw,TLO(TV)
Everything Has Changed (feat. Ed Sheeran) (Taylor’s Version),Red (Taylor's Version),14,7qEUFOVcxRI19tbT68JcYK,spotify:track:7qEUFOVcxRI19tbT68JcYK,EHC(ES)(TV)
Starlight (Taylor's Version),Red (Taylor's Version),15,7A2cNLRT0YJc1yjxHlKihs,spotify:track:7A2cNLRT0YJc1yjxHlKihs,S(TV)
Begin Again (Taylor's Version),Red (Taylor's Version),16,05GsNucq8Bngd9fnd4fRa0,spotify:track:05GsNucq8Bngd9fnd4fRa0,BA(TV)
The Moment I Knew (Taylor's Version),Red (Taylor's Version),17,0NRHj8hDwwmSPaA41o379r,spotify:track:0NRHj8hDwwmSPaA41o379r,TMK(TV)
Come Back...Be Here (Taylor's Version),Red (Taylor's Version),18,4pNApnaUWAL2J4KO2eqokq,spotify:track:4pNApnaUWAL2J4KO2eqokq,CBBH(TV)
Girl At Home (Taylor's Version),Red (Taylor's Version),19,0DMVrlMUn01M0IcpDbwgu7,spotify:track:0DMVrlMUn01M0IcpDbwgu7,GAH(TV)
State Of Grace (Acoustic Version) (Taylor's Version),Red (Taylor's Version),20,5jAIouBES8LWMiriuNq170,spotify:track:5jAIouBES8LWMiriuNq170,SOG(AV)(TV)
Ronan (Taylor's Version),Red (Taylor's Version),21,7nWui6jiMM2m9qFmET1Mtj,spotify:track:7nWui6jiMM2m9qFmET1Mtj,R(TV)
Better Man (Taylor's Version) (From The Vault),Red (Taylor's Version),22,4OmFmE0fzcMG6g0Y8p4eSD,spotify:track:4OmFmE0fzcMG6g0Y8p4eSD,BM(TV)(FTV)
Nothing New (feat. Phoebe Bridgers) (Taylor’s Version) (From The Vault),Red (Taylor's Version),23,01K4zKU104LyJ8gMb7227B,spotify:track:01K4zKU104LyJ8gMb7227B,NN(PB)(TV)(FTV)
Babe (Taylor's Version) (From The Vault),Red (Taylor's Version),24,0v4z1tuZvn6LGknom9Qx7d,spotify:track:0v4z1tuZvn6LGknom9Qx7d,B(TV)(FTV)
Message In A Bottle (Taylor's Version) (From The Vault),Red (Taylor's Version),25,3z6XUommYDWPHeFhmhhT6j,spotify:track:3z6XUommYDWPHeFhmhhT6j,MIB(TV)(FTV)
I Bet You Think About Me (feat. Chris Stapleton) (Taylor’s Version) (From The Vault),Red (Taylor's Version),26,4CkgMiMqZ5JzW9iYXSTMTL,spotify:track:4CkgMiMqZ5JzW9iYXSTMTL,BYTAM(CS)(TV)(FTV)
Forever Winter (Taylor's Version) (From The Vault),Red (Taylor's Version),27,3oGVx9RBmiYGv5ZCecWLkx,spotify:track:3oGVx9RBmiYGv5ZCecWLkx,FW(TV)(FTV)
Run (feat. Ed Sheeran) (Taylor’s Version) (From The Vault),Red (Taylor's Version),28,4IQkfUsrwXol38VV3U7t7T,spotify:track:4IQkfUsrwXol38VV3U7t7T,R(ES)(TV)(FTV)
The Very First Night (Taylor's Version) (From The Vault),Red (Taylor's Version),29,6pYNq0ZwpPVazKzsqpf0G8,spotify:track:6pYNq0ZwpPVazKzsqpf0G8,TVFN(TV)(FTV)
All Too Well (10 Minute Version) (Taylor's Version) (From The Vault),Red (Taylor's Version),30,5enxwA8aAbwZbf5qCHORXi,spotify:track:5enxwA8aAbwZbf5qCHORXi,ATW(1MV)(TV)(FTV)
Fearless (Taylor’s Version),Fearless (Taylor's Version),1,77sMIMlNaSURUAXq5coCxE,spotify:track:77sMIMlNaSURUAXq5coCxE,F(TV)
Fifteen (Taylor’s Version),Fearless (Taylor's Version),2,2nqio0SfWg6gh2eCtfuMa5,spotify:track:2nqio0SfWg6gh2eCtfuMa5,F(TV)
Love Story (Taylor’s Version),Fearless (Taylor's Version),3,6YvqWjhGD8mB5QXcbcUKtx,spotify:track:6YvqWjhGD8mB5QXcbcUKtx,LS(TV)
Hey Stephen (Taylor’s Version),Fearless (Taylor's Version),4,550erGcdD9n6PnwxrvYqZT,spotify:track:550erGcdD9n6PnwxrvYqZT,HS(TV)
White Horse (Taylor’s Version),Fearless (Taylor's Version),5,5YL553x8sHderRBDlm3NM3,spotify:track:5YL553x8sHderRBDlm3NM3,WH(TV)
You Belong With Me (Taylor’s Version),Fearless (Taylor's Version),6,1qrpoAMXodY6895hGKoUpA,spotify:track:1qrpoAMXodY6895hGKoUpA,YBWM(TV)
Breathe (feat. Colbie Caillat) (Taylor’s Version),Fearless (Taylor's Version),7,7HC7R2D8WjXVcUHJyEGjRs,spotify:track:7HC7R2D8WjXVcUHJyEGjRs,B(CC)(TV)
Tell Me Why (Taylor’s Version),Fearless (Taylor's Version),8,0k0vFacOHNuArLWMiH60p7,spotify:track:0k0vFacOHNuArLWMiH60p7,TMW(TV)
You’re Not Sorry (Taylor’s Version),Fearless (Taylor's Version),9,6iiAfo4wTA2CVC3Uwx9uh8,spotify:track:6iiAfo4wTA2CVC3Uwx9uh8,YRNS(TV)
The Way I Loved You (Taylor’s Version),Fearless (Taylor's Version),10,22bPsP2jCgbLUvh82U0Z3M,spotify:track:22bPsP2jCgbLUvh82U0Z3M,TWLY(TV)
Forever & Always (Taylor’s Version),Fearless (Taylor's Version),11,1msEuwSBneBKpVCZQcFTsU,spotify:track:1msEuwSBneBKpVCZQcFTsU,FA(TV)
The Best Day (Taylor’s Version),Fearless (Taylor's Version),12,6ON9UuIq49xXY9GPmHIYRp,spotify:track:6ON9UuIq49xXY9GPmHIYRp,TBD(TV)
Change (Taylor’s Version),Fearless (Taylor's Version),13,3ExweHKZF9B752DPQByRVT,spotify:track:3ExweHKZF9B752DPQByRVT,C(TV)
Jump Then Fall (Taylor’s Version),Fearless (Taylor's Version),14,2m3ObD945KvpE5y9A1eUWm,spotify:track:2m3ObD945KvpE5y9A1eUWm,JTF(TV)
Untouchable (Taylor’s Version),Fearless (Taylor's Version),15,0tQ9vBYpldCuikPsbgOVKA,spotify:track:0tQ9vBYpldCuikPsbgOVKA,U(TV)
Forever & Always (Piano Version) (Taylor’s Version),Fearless (Taylor's Version),16,01QdEx6kFr78ZejhQtWR5m,spotify:track:01QdEx6kFr78ZejhQtWR5m,FA(PV)(TV)
Come In With The Rain (Taylor’s Version),Fearless (Taylor's Version),17,1n2wszmJyVkw6FHqyLnQsY,spotify:track:1n2wszmJyVkw6FHqyLnQsY,CIWTR(TV)
Superstar (Taylor’s Version),Fearless (Taylor's Version),18,51A8eKvvZz9uydvIZ7xRSV,spotify:track:51A8eKvvZz9uydvIZ7xRSV,S(TV)
The Other Side Of The Door (Taylor’s Version),Fearless (Taylor's Version),19,1cSFlSBdpT4F5vb1frQ231,spotify:track:1cSFlSBdpT4F5vb1frQ231,TOSOTD(TV)
Today Was A Fairytale (Taylor’s Version),Fearless (Taylor's Version),20,2JoJrsEV15OzbijS47lids,spotify:track:2JoJrsEV15OzbijS47lids,TWF(TV)
You All Over Me (feat. Maren Morris) (Taylor’s Version) (From The Vault),Fearless (Taylor's Version),21,4CHpVfAhuxNJ3ibExe6kxO,spotify:track:4CHpVfAhuxNJ3ibExe6kxO,YAOM(MM)(TV)(FTV)
Mr. Perfectly Fine (Taylor’s Version) (From The Vault),Fearless (Taylor's Version),22,2CYVETnhM9aytqrazYYwrK,spotify:track:2CYVETnhM9aytqrazYYwrK,MPF(TV)(FTV)
We Were Happy (Taylor’s Version) (From The Vault),Fearless (Taylor's Version),23,34V9RiEPe8MNdU32qJsJa1,spotify:track:34V9RiEPe8MNdU32qJsJa1,WWH(TV)(FTV)
That’s When (feat. Keith Urban) (Taylor’s Version) (From The Vault),Fearless (Taylor's Version),24,7eResoqEJJAVTkQYSqvO3P,spotify:track:7eResoqEJJAVTkQYSqvO3P,TW(KU)(TV)(FTV)
Don’t You (Taylor’s Version) (From The Vault),Fearless (Taylor's Version),25,4uuEGH5SVuzkkSFjo2DEiY,spotify:track:4uuEGH5SVuzkkSFjo2DEiY,DY(TV)(FTV)
Bye Bye Baby (Taylor’s Version) (From The Vault),Fearless (Taylor's Version),26,4qUijfYU8EoIWiY6oSyrgT,spotify:track:4qUijfYU8EoIWiY6oSyrgT,BBB(TV)(FTV)
willow,evermore (deluxe version),1,2gVhfX2Gy1T9kDuS9azrF7,spotify:track:2gVhfX2Gy1T9kDuS9azrF7,W
champagne problems,evermore (deluxe version),2,1gcyHQpBQ1lfXGdhZmWrHP,spotify:track:1gcyHQpBQ1lfXGdhZmWrHP,CP
gold rush,evermore (deluxe version),3,3Dby3p1m6IOZn2gIIqECgK,spotify:track:3Dby3p1m6IOZn2gIIqECgK,GR
‘tis the damn season,evermore (deluxe version),4,6sQckd3Z8NPxVVKUnavY1F,spotify:track:6sQckd3Z8NPxVVKUnavY1F,TTDS
tolerate it,evermore (deluxe version),5,6lCvK2AR2uOKkVFCVlAzzm,spotify:track:6lCvK2AR2uOKkVFCVlAzzm,TI
"no body, no crime (feat. HAIM)",evermore (deluxe version),6,6uwfVkaOM1mcMkFmSn35ix,spotify:track:6uwfVkaOM1mcMkFmSn35ix,NBNC(H)
happiness,evermore (deluxe version),7,55Vf4bimc1Rtfg0PAQRAo2,spotify:track:55Vf4bimc1Rtfg0PAQRAo2,H
dorothea,evermore (deluxe version),8,66tOfHVH3aUrscg8vExRV4,spotify:track:66tOfHVH3aUrscg8vExRV4,D
coney island (feat. The National),evermore (deluxe version),9,2awNGIJHodfLZSClB3PYhz,spotify:track:2awNGIJHodfLZSClB3PYhz,CI(TN)
ivy,evermore (deluxe version),10,43Ykum9T72UOPhBN31grpN,spotify:track:43Ykum9T72UOPhBN31grpN,I
cowboy like me,evermore (deluxe version),11,52OkpDsU6MmPx1AwGOb6Ap,spotify:track:52OkpDsU6MmPx1AwGOb6Ap,CLM
long story short,evermore (deluxe version),12,5VYWxXUpxuxEmCqMLDqICo,spotify:track:5VYWxXUpxuxEmCqMLDqICo,LSS
marjorie,evermore (deluxe version),13,5uICWmZTLkpEVbK22PBP6e,spotify:track:5uICWmZTLkpEVbK22PBP6e,M
closure,evermore (deluxe version),14,6a8aUhYbaQBUI8PcJ5ZmQ6,spotify:track:6a8aUhYbaQBUI8PcJ5ZmQ6,C
evermore (feat. Bon Iver),evermore (deluxe version),15,6Wlq9rqkxrqj5Kls4Kw14H,spotify:track:6Wlq9rqkxrqj5Kls4Kw14H,E(BI)
right where you left me - bonus track,evermore (deluxe version),16,3zwMVvkBe2qIKDObWgXw4N,spotify:track:3zwMVvkBe2qIKDObWgXw4N,RWYLMBT
it’s time to go - bonus track,evermore (deluxe version),17,1kdWw77ZpYOkhxeuhzU1j6,spotify:track:1kdWw77ZpYOkhxeuhzU1j6,ITTGBT
willow,evermore,1,0lx2cLdOt3piJbcaXIV74f,spotify:track:0lx2cLdOt3piJbcaXIV74f,W
champagne problems,evermore,2,0sY6ZUTh4yoctD8VIXz339,spotify:track:0sY6ZUTh4yoctD8VIXz339,CP
gold rush,evermore,3,5BK0uqwY9DNfZ630STAEaq,spotify:track:5BK0uqwY9DNfZ630STAEaq,GR
‘tis the damn season,evermore,4,7dW84mWkdWE5a6lFWxJCBG,spotify:track:7dW84mWkdWE5a6lFWxJCBG,TTDS
tolerate it,evermore,5,0PurA4JVJ8YQgSVopY8fn6,spotify:track:0PurA4JVJ8YQgSVopY8fn6,TI
"no body, no crime (feat. HAIM)",evermore,6,3RaT22zZsxVYxxKR7TAaYF,spotify:track:3RaT22zZsxVYxxKR7TAaYF,NBNC(H)
happiness,evermore,7,73YUReisjb3A9ActdLLjJQ,spotify:track:73YUReisjb3A9ActdLLjJQ,H
dorothea,evermore,8,670fUmXf4KQekzbEgaXyPA,spotify:track:670fUmXf4KQekzbEgaXyPA,D
coney island (feat. The National),evermore,9,3k7ne7VmH43ZPWxPdvPUgR,spotify:track:3k7ne7VmH43ZPWxPdvPUgR,CI(TN)
ivy,evermore,10,19CSr8rwW05VJL2F91KFNK,spotify:track:19CSr8rwW05VJL2F91KFNK,I
cowboy like me,evermore,11,1XjHRolIXL2M1EEOUsGGR4,spotify:track:1XjHRolIXL2M1EEOUsGGR4,CLM
long story short,evermore,12,2o2sgVJIgFXk8GQjWTgI6U,spotify:track:2o2sgVJIgFXk8GQjWTgI6U,LSS
marjorie,evermore,13,12ntTeqEeTg7GAVpe8Mhpl,spotify:track:12ntTeqEeTg7GAVpe8Mhpl,M
closure,evermore,14,35rdVq36LMHQX0Suw9a6tK,spotify:track:35rdVq36LMHQX0Suw9a6tK,C
evermore (feat. Bon Iver),evermore,15,3O5osWf1rSoKMwe6E9ZaXP,spotify:track:3O5osWf1rSoKMwe6E9ZaXP,E(BI)
the 1,folklore: the long pond studio sessions (from the Disney+ special) [deluxe edition],1,0P9wLFurlgumLXuqFEpw52,spotify:track:0P9wLFurlgumLXuqFEpw52,T
cardigan,folklore: the long pond studio sessions (from the Disney+ special) [deluxe edition],2,7zcnlq38eqNWyUF6eNaB5Z,spotify:track:7zcnlq38eqNWyUF6eNaB5Z,C
the last great american dynasty,folklore: the long pond studio sessions (from the Disney+ special) [deluxe edition],3,4ojxSyrEraN7d46BMBPThZ,spotify:track:4ojxSyrEraN7d46BMBPThZ,TLGAD
exile (feat. Bon Iver),folklore: the long pond studio sessions (from the Disney+ special) [deluxe edition],4,6kz2hkq1xQvDqPcUyBkw8f,spotify:track:6kz2hkq1xQvDqPcUyBkw8f,E(BI)
my tears ricochet,folklore: the long pond studio sessions (from the Disney+ special) [deluxe edition],5,0Oju1YcbPCJuUQQWoZNdJK,spotify:track:0Oju1YcbPCJuUQQWoZNdJK,MTR
mirrorball,folklore: the long pond studio sessions (from the Disney+ special) [deluxe edition],6,5jQyGzcwqAxwT5QUIMivoX,spotify:track:5jQyGzcwqAxwT5QUIMivoX,M
seven,folklore: the long pond studio sessions (from the Disney+ special) [deluxe edition],7,2vJ7QvyCiR4DaHxwO58izA,spotify:track:2vJ7QvyCiR4DaHxwO58izA,S
august,folklore: the long pond studio sessions (from the Disney+ special) [deluxe edition],8,1UHoF9p75IVsvUt6WdTYhn,spotify:track:1UHoF9p75IVsvUt6WdTYhn,A
this is me trying,folklore: the long pond studio sessions (from the Disney+ special) [deluxe edition],9,5DnDBYrfGoxdnomqEAkFIv,spotify:track:5DnDBYrfGoxdnomqEAkFIv,TIMT
illicit affairs,folklore: the long pond studio sessions (from the Disney+ special) [deluxe edition],10,7CVTowKpGPA2MsIbkTl2oc,spotify:track:7CVTowKpGPA2MsIbkTl2oc,IA
invisible string,folklore: the long pond studio sessions (from the Disney+ special) [deluxe edition],11,4WHIqhrbdva5vQSrCuet3l,spotify:track:4WHIqhrbdva5vQSrCuet3l,IS
mad woman,folklore: the long pond studio sessions (from the Disney+ special) [deluxe edition],12,7klXN6RCN5Rj0VeYO5gBzU,spotify:track:7klXN6RCN5Rj0VeYO5gBzU,MW
epiphany,folklore: the long pond studio sessions (from the Disney+ special) [deluxe edition],13,5MFjHn1qfR9AsWuyzJLk1z,spotify:track:5MFjHn1qfR9AsWuyzJLk1z,E
betty,folklore: the long pond studio sessions (from the Disney+ special) [deluxe edition],14,2jhfs6moEAK13eLM6xim4l,spotify:track:2jhfs6moEAK13eLM6xim4l,B
peace,folklore: the long pond studio sessions (from the Disney+ special) [deluxe edition],15,0O9i6jhscByEJs1ipy5hu4,spotify:track:0O9i6jhscByEJs1ipy5hu4,P
hoax,folklore: the long pond studio sessions (from the Disney+ special) [deluxe edition],16,4XCYmu7QLySdIahgBALKJK,spotify:track:4XCYmu7QLySdIahgBALKJK,H
the lakes - bonus track,folklore: the long pond studio sessions (from the Disney+ special) [deluxe edition],17,0zEprKYeuGOIZoHyu6O1E2,spotify:track:0zEprKYeuGOIZoHyu6O1E2,TLBT
the 1 - the long pond studio sessions,folklore: the long pond studio sessions (from the Disney+ special) [deluxe edition],1,08J4bMHbILkwSIhbtrcvjN,spotify:track:08J4bMHbILkwSIhbtrcvjN,TTLPSS
cardigan - the long pond studio sessions,folklore: the long pond studio sessions (from the Disney+ special) [deluxe edition],2,3EPgWM1zfTSzEc0z4AwWTM,spotify:track:3EPgWM1zfTSzEc0z4AwWTM,CTLPSS
the last great american dynasty - the long pond studio sessions,folklore: the long pond studio sessions (from the Disney+ special) [deluxe edition],3,28tIMaewZuGR8urkvFhQyA,spotify:track:28tIMaewZuGR8urkvFhQyA,TLGADTLPSS
exile (feat. Bon Iver) - the long pond studio sessions,folklore: the long pond studio sessions (from the Disney+ special) [deluxe edition],4,7N015NTIWGjQDddHUdHPoO,spotify:track:7N015NTIWGjQDddHUdHPoO,E(BI)TLPSS
my tears ricochet - the long pond studio sessions,folklore: the long pond studio sessions (from the Disney+ special) [deluxe edition],5,5mdNyCS7ttVcAyVYOIFEjs,spotify:track:5mdNyCS7ttVcAyVYOIFEjs,MTRTLPSS
mirrorball - the long pond studio sessions,folklore: the long pond studio sessions (from the Disney+ special) [deluxe edition],6,2yceD2hx5HhOLgkm1CITCi,spotify:track:2yceD2hx5HhOLgkm1CITCi,MTLPSS
seven - the long pond studio sessions,folklore: the long pond studio sessions (from the Disney+ special) [deluxe edition],7,4cOWq0cVsKjxaQpRMbDoH1,spotify:track:4cOWq0cVsKjxaQpRMbDoH1,STLPSS
august - the long pond studio sessions,folklore: the long pond studio sessions (from the Disney+ special) [deluxe edition],8,4MGexoZc12lqE0hYkq9YYx,spotify:track:4MGexoZc12lqE0hYkq9YYx,ATLPSS
this is me trying - the long pond studio sessions,folklore: the long pond studio sessions (from the Disney+ special) [deluxe edition],9,1gaLZjPrDnHQWJds2Jg4KT,spotify:track:1gaLZjPrDnHQWJds2Jg4KT,TIMTTLPSS
illicit affairs - the long pond studio sessions,folklore: the long pond studio sessions (from the Disney+ special) [deluxe edition],10,560uQyz3p5G9WdnMX39xc6,spotify:track:560uQyz3p5G9WdnMX39xc6,IATLPSS
invisible string - the long pond studio sessions,folklore: the long pond studio sessions (from the Disney+ special) [deluxe edition],11,5KByGq0JijSSDcy0qzuINs,spotify:track:5KByGq0JijSSDcy0qzuINs,ISTLPSS
mad woman - the long pond studio sessions,folklore: the long pond studio sessions (from the Disney+ special) [deluxe edition],12,04xrhDrQ2WOW8GLwu7kbc0,spotify:track:04xrhDrQ2WOW8GLwu7kbc0,MWTLPSS
epiphany - the long pond studio sessions,folklore: the long pond studio sessions (from the Disney+ special) [deluxe edition],13,4yyKppX85ZkmlGOC2toBZA,spotify:track:4yyKppX85ZkmlGOC2toBZA,ETLPSS
betty - the long pond studio sessions,folklore: the long pond studio sessions (from the Disney+ special) [deluxe edition],14,1mh5dObNoOvCfHmXnhvDEK,spotify:track:1mh5dObNoOvCfHmXnhvDEK,BTLPSS
peace - the long pond studio sessions,folklore: the long pond studio sessions (from the Disney+ special) [deluxe edition],15,4YHHz3VIXgNDGdoL9xC1tx,spotify:track:4YHHz3VIXgNDGdoL9xC1tx,PTLPSS
hoax - the long pond studio sessions,folklore: the long pond studio sessions (from the Disney+ special) [deluxe edition],16,0QTBsdoJhamY3Aid3fOsOd,spotify:track:0QTBsdoJhamY3Aid3fOsOd,HTLPSS
the lakes - the long pond studio sessions,folklore: the long pond studio sessions (from the Disney+ special) [deluxe edition],17,6mqyTq948oap5AkyTsd6XF,spotify:track:6mqyTq948oap5AkyTsd6XF,TLTLPSS
the 1,folklore (deluxe version),1,4pfrrhvplbJZAIsfosGWQP,spotify:track:4pfrrhvplbJZAIsfosGWQP,T
cardigan,folklore (deluxe version),2,0KRYCBwIpWYFNrXOmXbyUh,spotify:track:0KRYCBwIpWYFNrXOmXbyUh,C
the last great american dynasty,folklore (deluxe version),3,2olxzvoFI9IpxqFeUv7WOX,spotify:track:2olxzvoFI9IpxqFeUv7WOX,TLGAD
exile (feat. Bon Iver),folklore (deluxe version),4,5S4aYQAJOwJMAamANWlICO,spotify:track:5S4aYQAJOwJMAamANWlICO,E(BI)
my tears ricochet,folklore (deluxe version),5,5P2bHCDM2tsgIaYWsZMhu5,spotify:track:5P2bHCDM2tsgIaYWsZMhu5,MTR
mirrorball,folklore (deluxe version),6,2I8YAEA1VmCuP1wkJHMpTw,spotify:track:2I8YAEA1VmCuP1wkJHMpTw,M
seven,folklore (deluxe version),7,76mOLcXOjOEhyY4mMF1l3r,spotify:track:76mOLcXOjOEhyY4mMF1l3r,S
august,folklore (deluxe version),8,6nK2pIKFcRc5frrZKHgsiT,spotify:track:6nK2pIKFcRc5frrZKHgsiT,A
this is me trying,folklore (deluxe version),9,7cm50Lw03k6VvRauJtkyTj,spotify:track:7cm50Lw03k6VvRauJtkyTj,TIMT
illicit affairs,folklore (deluxe version),10,6DrLROM5MG9bxWHeEG5elq,spotify:track:6DrLROM5MG9bxWHeEG5elq,IA
invisible string,folklore (deluxe version),11,2ehRU518I0hYqMGQnk4lDY,spotify:track:2ehRU518I0hYqMGQnk4lDY,IS
mad woman,folklore (deluxe version),12,0RP1kqoSPkVXsKiQNhMKzV,spotify:track:0RP1kqoSPkVXsKiQNhMKzV,MW
epiphany,folklore (deluxe version),13,1EXa37LpSvi3OQ9UYQ28rD,spotify:track:1EXa37LpSvi3OQ9UYQ28rD,E
betty,folklore (deluxe version),14,3IhtE4fkytdrtEfV34UzkD,spotify:track:3IhtE4fkytdrtEfV34UzkD,B
peace,folklore (deluxe version),15,6JlI8Ay77m4nJvZTHvfT1J,spotify:track:6JlI8Ay77m4nJvZTHvfT1J,P
hoax,folklore (deluxe version),16,0YeDG5HnKnG7jpArkzsSPa,spotify:track:0YeDG5HnKnG7jpArkzsSPa,H
the lakes - bonus track,folklore (deluxe version),17,0eFQWVz0qIxDOvhLpZ40P7,spotify:track:0eFQWVz0qIxDOvhLpZ40P7,TLBT
the 1,folklore,1,0Jlcvv8IykzHaSmj49uNW8,spotify:track:0Jlcvv8IykzHaSmj49uNW8,T
cardigan,folklore,2,4R2kfaDFhslZEMJqAFNpdd,spotify:track:4R2kfaDFhslZEMJqAFNpdd,C
the last great american dynasty,folklore,3,2Eeur20xVqfUoM3Q7EFPFt,spotify:track:2Eeur20xVqfUoM3Q7EFPFt,TLGAD
exile (feat. Bon Iver),folklore,4,4pvb0WLRcMtbPGmtejJJ6y,spotify:track:4pvb0WLRcMtbPGmtejJJ6y,E(BI)
my tears ricochet,folklore,5,1MgV7FIyNxIG7WzMRJV5HC,spotify:track:1MgV7FIyNxIG7WzMRJV5HC,MTR
mirrorball,folklore,6,0ZNU020wNYvgW84iljPkPP,spotify:track:0ZNU020wNYvgW84iljPkPP,M
seven,folklore,7,6KJqZcs9XDgVck7Lg9QOTC,spotify:track:6KJqZcs9XDgVck7Lg9QOTC,S
august,folklore,8,3hUxzQpSfdDqwM3ZTFQY0K,spotify:track:3hUxzQpSfdDqwM3ZTFQY0K,A
this is me trying,folklore,9,7kt9e9LFSpN1zQtYEl19o1,spotify:track:7kt9e9LFSpN1zQtYEl19o1,TIMT
illicit affairs,folklore,10,2NmsngXHeC1GQ9wWrzhOMf,spotify:track:2NmsngXHeC1GQ9wWrzhOMf,IA
invisible string,folklore,11,6VsvKPJ4xjVNKpI8VVZ3SV,spotify:track:6VsvKPJ4xjVNKpI8VVZ3SV,IS
mad woman,folklore,12,2QDyYdZyhlP2fp79KZX8Bi,spotify:track:2QDyYdZyhlP2fp79KZX8Bi,MW
epiphany,folklore,13,08fa9LFcFBTcilB3iq2e2A,spotify:track:08fa9LFcFBTcilB3iq2e2A,E
betty,folklore,14,5kI4eCXXzyuIUXjQra0Cxi,spotify:track:5kI4eCXXzyuIUXjQra0Cxi,B
peace,folklore,15,7MbT4I8qGntX4fMdqMQgke,spotify:track:7MbT4I8qGntX4fMdqMQgke,P
hoax,folklore,16,6MWoRt97mnSTXZhu3ggi9C,spotify:track:6MWoRt97mnSTXZhu3ggi9C,H
I Forgot That You Existed,Lover,1,43rA71bccXFGD4C8GOpIlN,spotify:track:43rA71bccXFGD4C8GOpIlN,FTYE
Cruel Summer,Lover,2,1BxfuPKGuaTgP7aM0Bbdwr,spotify:track:1BxfuPKGuaTgP7aM0Bbdwr,CS
Lover,Lover,3,1dGr1c8CrMLDpV6mPbImSI,spotify:track:1dGr1c8CrMLDpV6mPbImSI,L
The Man,Lover,4,3RauEVgRgj1IuWdJ9fDs70,spotify:track:3RauEVgRgj1IuWdJ9fDs70,TM
The Archer,Lover,5,3pHkh7d0lzM2AldUtz2x37,spotify:track:3pHkh7d0lzM2AldUtz2x37,TA
I Think He Knows,Lover,6,2YWtcWi3a83pdEg3Gif4Pd,spotify:track:2YWtcWi3a83pdEg3Gif4Pd,THK
Miss Americana & The Heartbreak Prince,Lover,7,214nt20w5wOxJnY462klLw,spotify:track:214nt20w5wOxJnY462klLw,MATHP
Paper Rings,Lover,8,4y5bvROuBDPr5fuwXbIBZR,spotify:track:4y5bvROuBDPr5fuwXbIBZR,PR
Cornelia Street,Lover,9,12M5uqx0ZuwkpLp5rJim1a,spotify:track:12M5uqx0ZuwkpLp5rJim1a,CS
Death By A Thousand Cuts,Lover,10,2dgFqt3w9xIQRjhPtwNk3D,spotify:track:2dgFqt3w9xIQRjhPtwNk3D,DBTC
London Boy,Lover,11,1LLXZFeAHK9R4xUramtUKw,spotify:track:1LLXZFeAHK9R4xUramtUKw,LB
Soon You’ll Get Better (feat. The Chicks),Lover,12,4AYtqFyFbX0Xkc2wtcygTr,spotify:track:4AYtqFyFbX0Xkc2wtcygTr,SYLGB(TC)
False God,Lover,13,5hQSXkFgbxjZo9uCwd11so,spotify:track:5hQSXkFgbxjZo9uCwd11so,FG
You Need To Calm Down,Lover,14,6RRNNciQGZEXnqk8SQ9yv5,spotify:track:6RRNNciQGZEXnqk8SQ9yv5,YNTCD
Afterglow,Lover,15,1SymEzIT3H8UZfibCs3TYi,spotify:track:1SymEzIT3H8UZfibCs3TYi,A
ME! (feat. Brendon Urie of Panic! At The Disco),Lover,16,2Rk4JlNc2TPmZe2af99d45,spotify:track:2Rk4JlNc2TPmZe2af99d45,M(BUOPATD)
It’s Nice To Have A Friend,Lover,17,1SmiQ65iSAbPto6gPFlBYm,spotify:track:1SmiQ65iSAbPto6gPFlBYm,INTHF
Daylight,Lover,18,1fzAuUVbzlhZ1lJAx9PtY6,spotify:track:1fzAuUVbzlhZ1lJAx9PtY6,D
...Ready For It?,reputation,1,2yLa0QULdQr0qAIvVwN6B5,spotify:track:2yLa0QULdQr0qAIvVwN6B5,RFI
End Game,reputation,2,2x0WlnmfG39ZuDmstl9xfX,spotify:track:2x0WlnmfG39ZuDmstl9xfX,EG
I Did Something Bad,reputation,3,4svZDCRz4cJoneBpjpx8DJ,spotify:track:4svZDCRz4cJoneBpjpx8DJ,DSB
Don’t Blame Me,reputation,4,1R0a2iXumgCiFb7HEZ7gUE,spotify:track:1R0a2iXumgCiFb7HEZ7gUE,DBM
Delicate,reputation,5,6NFyWDv5CjfwuzoCkw47Xf,spotify:track:6NFyWDv5CjfwuzoCkw47Xf,D
Look What You Made Me Do,reputation,6,1P17dC1amhFzptugyAO7Il,spotify:track:1P17dC1amhFzptugyAO7Il,LWYMMD
So It Goes...,reputation,7,5PxFv9yJEg9dxvbZggykro,spotify:track:5PxFv9yJEg9dxvbZggykro,SIG
Gorgeous,reputation,8,1ZY1PqizIl78geGM4xWlEA,spotify:track:1ZY1PqizIl78geGM4xWlEA,G
Getaway Car,reputation,9,0VE4kBnHJUgtMf0dy6DRmW,spotify:track:0VE4kBnHJUgtMf0dy6DRmW,GC
King Of My Heart,reputation,10,7HuBDWi18s4aJM8UFnNheH,spotify:track:7HuBDWi18s4aJM8UFnNheH,KOMH
Dancing With Our Hands Tied,reputation,11,7I7JbDv63ZJJsSi24DyJrz,spotify:track:7I7JbDv63ZJJsSi24DyJrz,DWOHT
Dress,reputation,12,6oVxXO5oQ4pTpO8RSnkzvv,spotify:track:6oVxXO5oQ4pTpO8RSnkzvv,D
This Is Why We Can't Have Nice Things,reputation,13,07NxDD1iKCHbAldceD7QLP,spotify:track:07NxDD1iKCHbAldceD7QLP,TIWWCHNT
Call It What You Want,reputation,14,1GwMQaZz6Au3QLDbjbMdme,spotify:track:1GwMQaZz6Au3QLDbjbMdme,CIWYW
New Year’s Day,reputation,15,7F5oktn5YOsR9eR5YsFtqb,spotify:track:7F5oktn5YOsR9eR5YsFtqb,NYD
All Too Well,reputation Stadium Tour Surprise Song Playlist,1,00vJzaoxM3Eja1doBUhX0P,spotify:track:00vJzaoxM3Eja1doBUhX0P,ATW
Wildest Dreams,reputation Stadium Tour Surprise Song Playlist,2,22C0JIVhFaczZ4t9heqREN,spotify:track:22C0JIVhFaczZ4t9heqREN,WD
The Best Day,reputation Stadium Tour Surprise Song Playlist,3,7APTsjmZbj7TFXQJAiRti4,spotify:track:7APTsjmZbj7TFXQJAiRti4,TBD
Red,reputation Stadium Tour Surprise Song Playlist,4,4V9NuhKQcUFt4cgbynHV79,spotify:track:4V9NuhKQcUFt4cgbynHV79,R
Holy Ground,reputation Stadium Tour Surprise Song Playlist,5,4hCZk6WJBFQeG3P7WsyntI,spotify:track:4hCZk6WJBFQeG3P7WsyntI,HG
Teardrops On My Guitar - Radio Single Remix,reputation Stadium Tour Surprise Song Playlist,6,7eGeUVeCEvEQrivmjl9Qn3,spotify:track:7eGeUVeCEvEQrivmjl9Qn3,TOMGRSR
Our Song,reputation Stadium Tour Surprise Song Playlist,7,7qGr3rjRhndRIpFUA5f2HJ,spotify:track:7qGr3rjRhndRIpFUA5f2HJ,OS
22,reputation Stadium Tour Surprise Song Playlist,8,2P5gfMtCcKP0CkmgqFMyPg,spotify:track:2P5gfMtCcKP0CkmgqFMyPg,2
I Knew You Were Trouble.,reputation Stadium Tour Surprise Song Playlist,9,2o2IVjuqRkR9hJxtPjtAP0,spotify:track:2o2IVjuqRkR9hJxtPjtAP0,KYWT
I Don’t Wanna Live Forever (Fifty Shades Darker),reputation Stadium Tour Surprise Song Playlist,10,55n9yjI6qqXh5F2mYvUc2y,spotify:track:55n9yjI6qqXh5F2mYvUc2y,DWLF(FSD)
Mean,reputation Stadium Tour Surprise Song Playlist,11,5rcHBt2aNcGFWW0jaAUe1L,spotify:track:5rcHBt2aNcGFWW0jaAUe1L,M
How You Get The Girl,reputation Stadium Tour Surprise Song Playlist,12,3aSYZ4upQ6OSNos26YeVWL,spotify:track:3aSYZ4upQ6OSNos26YeVWL,HYGTG
So It Goes...,reputation Stadium Tour Surprise Song Playlist,13,41T04yafZVrjNq2FqvLtId,spotify:track:41T04yafZVrjNq2FqvLtId,SIG
Fifteen,reputation Stadium Tour Surprise Song Playlist,14,0H2UD0LfSCiRr59YMGlCuS,spotify:track:0H2UD0LfSCiRr59YMGlCuS,F
Mine,reputation Stadium Tour Surprise Song Playlist,15,6FmJKLpyCt42nP2IOVEVc2,spotify:track:6FmJKLpyCt42nP2IOVEVc2,M
Sparks Fly,reputation Stadium Tour Surprise Song Playlist,16,5h2sBwpUSAndjObfU3ti2r,spotify:track:5h2sBwpUSAndjObfU3ti2r,SF
State Of Grace,reputation Stadium Tour Surprise Song Playlist,17,0YRGTdfmJPALpglAaraYUr,spotify:track:0YRGTdfmJPALpglAaraYUr,SOG
Haunted,reputation Stadium Tour Surprise Song Playlist,18,6CB7DczrX9ZJB9Wkjegmaq,spotify:track:6CB7DczrX9ZJB9Wkjegmaq,H
Never Grow Up,reputation Stadium Tour Surprise Song Playlist,19,1UPDfqsVIZLEiZeMuUsni2,spotify:track:1UPDfqsVIZLEiZeMuUsni2,NGU
Treacherous,reputation Stadium Tour Surprise Song Playlist,20,0r3U7SOcoj4DIEyN44Lt5z,spotify:track:0r3U7SOcoj4DIEyN44Lt5z,T
Babe,reputation Stadium Tour Surprise Song Playlist,21,40PXEOFLJc7UIpLMrhSfW1,spotify:track:40PXEOFLJc7UIpLMrhSfW1,B
Welcome To New York,reputation Stadium Tour Surprise Song Playlist,22,3YLA3NgzFRRa7LiHMtFPby,spotify:track:3YLA3NgzFRRa7LiHMtFPby,WTNY
Fearless,reputation Stadium Tour Surprise Song Playlist,23,43sE2O3skbGBpT2tO6fzv9,spotify:track:43sE2O3skbGBpT2tO6fzv9,F
Enchanted,reputation Stadium Tour Surprise Song Playlist,24,5lg33MHs1BoUtJVClw8ZpI,spotify:track:5lg33MHs1BoUtJVClw8ZpI,E
Change,reputation Stadium Tour Surprise Song Playlist,25,5PSOWHll3h3Vy226xSJk0M,spotify:track:5PSOWHll3h3Vy226xSJk0M,C
Ours,reputation Stadium Tour Surprise Song Playlist,26,0V3SNHDka1JSCP71HAzpxw,spotify:track:0V3SNHDka1JSCP71HAzpxw,O
Out Of The Woods,reputation Stadium Tour Surprise Song Playlist,27,0GmfiNHSgkKamYgQEMYOH3,spotify:track:0GmfiNHSgkKamYgQEMYOH3,OOTW
Come Back...Be Here,reputation Stadium Tour Surprise Song Playlist,28,5hiqtrACtMJkNpaNHj0n9Z,spotify:track:5hiqtrACtMJkNpaNHj0n9Z,CBBH
A Place in this World,reputation Stadium Tour Surprise Song Playlist,29,2RSYYe7LhKFxIi50T5XtUo,spotify:track:2RSYYe7LhKFxIi50T5XtUo,PITW
This Love,reputation Stadium Tour Surprise Song Playlist,30,64KRxmbqypPBlya4nxFmDn,spotify:track:64KRxmbqypPBlya4nxFmDn,TL
The Lucky One,reputation Stadium Tour Surprise Song Playlist,31,24ksPWXKg1k7OOG57pufED,spotify:track:24ksPWXKg1k7OOG57pufED,TLO
Invisible,reputation Stadium Tour Surprise Song Playlist,32,0kqC185OTcnuhbz4T7g5RB,spotify:track:0kqC185OTcnuhbz4T7g5RB,I
Breathe,reputation Stadium Tour Surprise Song Playlist,33,3oxgFdIlxFEDEJqn7k5TVN,spotify:track:3oxgFdIlxFEDEJqn7k5TVN,B
Better Man,reputation Stadium Tour Surprise Song Playlist,34,3EXetjrGgwIjDRNn6YA8sa,spotify:track:3EXetjrGgwIjDRNn6YA8sa,BM
Jump Then Fall,reputation Stadium Tour Surprise Song Playlist,35,5zytSTR2g0I9psX2Z12ex6,spotify:track:5zytSTR2g0I9psX2Z12ex6,JTF
Begin Again,reputation Stadium Tour Surprise Song Playlist,36,2G679wnKfyhUOeNx910OXg,spotify:track:2G679wnKfyhUOeNx910OXg,BA
Tied Together with a Smile,reputation Stadium Tour Surprise Song Playlist,37,4qNEi8zGIYLiMtoW8OaJdx,spotify:track:4qNEi8zGIYLiMtoW8OaJdx,TTWS
The Story Of Us,reputation Stadium Tour Surprise Song Playlist,38,2fF3QzbGCrtrDXIdWcg1mv,spotify:track:2fF3QzbGCrtrDXIdWcg1mv,TSOU
Forever & Always,reputation Stadium Tour Surprise Song Playlist,39,0QCS4NpURHvWdF1icdkfBw,spotify:track:0QCS4NpURHvWdF1icdkfBw,FA
Hey Stephen,reputation Stadium Tour Surprise Song Playlist,40,0TYJbIHBtmWy9ugtU9BcbE,spotify:track:0TYJbIHBtmWy9ugtU9BcbE,HS
Speak Now,reputation Stadium Tour Surprise Song Playlist,41,1XLc4irbX7oQSneh6gWv3O,spotify:track:1XLc4irbX7oQSneh6gWv3O,SN
Wonderland,reputation Stadium Tour Surprise Song Playlist,42,0eTCaVOYLpJlSkbEi2jay4,spotify:track:0eTCaVOYLpJlSkbEi2jay4,W
White Horse,reputation Stadium Tour Surprise Song Playlist,43,4RMfSYDFkcz0bKoK8fHDgR,spotify:track:4RMfSYDFkcz0bKoK8fHDgR,WH
I'm Only Me When I'm With You,reputation Stadium Tour Surprise Song Playlist,44,6Py8IKZqDyU8aQVrjilbJw,spotify:track:6Py8IKZqDyU8aQVrjilbJw,IOMWIWY
Starlight,reputation Stadium Tour Surprise Song Playlist,45,7txpzmA69zyk50K3ZyZSzC,spotify:track:7txpzmA69zyk50K3ZyZSzC,S
I Know Places,reputation Stadium Tour Surprise Song Playlist,46,3qGLcmO0XnnrcpAQGZwTvA,spotify:track:3qGLcmO0XnnrcpAQGZwTvA,KP
Welcome To New York,1989 (Deluxe),1,3nRmDz7qGCvsMS30rGGY0x,spotify:track:3nRmDz7qGCvsMS30rGGY0x,WTNY
Blank Space,1989 (Deluxe),2,1u8c2t2Cy7UBoG4ArRcF5g,spotify:track:1u8c2t2Cy7UBoG4ArRcF5g,BS
Style,1989 (Deluxe),3,0ug5NqcwcFR2xrfTkc7k8e,spotify:track:0ug5NqcwcFR2xrfTkc7k8e,S
Out Of The Woods,1989 (Deluxe),4,0qUnBLZ8bJqUNEeQgayL9t,spotify:track:0qUnBLZ8bJqUNEeQgayL9t,OOTW
All You Had To Do Was Stay,1989 (Deluxe),5,6aLOekfwbytwWvQftxTEF0,spotify:track:6aLOekfwbytwWvQftxTEF0,AYHTDWS
Shake It Off,1989 (Deluxe),6,0cqRj7pUJDkTCEsJkx8snD,spotify:track:0cqRj7pUJDkTCEsJkx8snD,SIO
I Wish You Would,1989 (Deluxe),7,5gRYrtvyVyaCRvLt56OfuV,spotify:track:5gRYrtvyVyaCRvLt56OfuV,WYW
Bad Blood,1989 (Deluxe),8,2NlmmAjGYrrjAp0MED5rGx,spotify:track:2NlmmAjGYrrjAp0MED5rGx,BB
Wildest Dreams,1989 (Deluxe),9,4A4A6dwl5DqdqrZaEtKGPR,spotify:track:4A4A6dwl5DqdqrZaEtKGPR,WD
How You Get The Girl,1989 (Deluxe),10,0fM9dEhUFV4MHDuJgrcfOv,spotify:track:0fM9dEhUFV4MHDuJgrcfOv,HYGTG
This Love,1989 (Deluxe),11,4L560fic5PaTuCFm6CviKa,spotify:track:4L560fic5PaTuCFm6CviKa,TL
I Know Places,1989 (Deluxe),12,6EwNJz8CuVsrsLvXprJ20Q,spotify:track:6EwNJz8CuVsrsLvXprJ20Q,KP
Clean,1989 (Deluxe),13,1NmVZsG18CzCAtw7rnV3yA,spotify:track:1NmVZsG18CzCAtw7rnV3yA,C
Wonderland,1989 (Deluxe),14,6RvRzl1YJTDnUvdOtV21IK,spotify:track:6RvRzl1YJTDnUvdOtV21IK,W
You Are In Love,1989 (Deluxe),15,2KrOAg6FftbjgSKdd2a4rS,spotify:track:2KrOAg6FftbjgSKdd2a4rS,YAIL
New Romantics,1989 (Deluxe),16,0qAIiGFKLdV1xpNlEhjpq8,spotify:track:0qAIiGFKLdV1xpNlEhjpq8,NR
I Know Places - Voice Memo,1989 (Deluxe),17,4FoV729rw7IhoKlMZW5K5V,spotify:track:4FoV729rw7IhoKlMZW5K5V,KPVM
I Wish You Would - Voice Memo,1989 (Deluxe),18,4eTXfpHxhxVofrBUjAhPMg,spotify:track:4eTXfpHxhxVofrBUjAhPMg,WYWVM
Blank Space - Voice Memo,1989 (Deluxe),19,4e6QU4gpfZj9xxcK856RgG,spotify:track:4e6QU4gpfZj9xxcK856RgG,BSVM
Welcome To New York,1989,1,10nqz67NQWWa7XPq7ycihi,spotify:track:10nqz67NQWWa7XPq7ycihi,WTNY
Blank Space,1989,2,2ls70nUDfjzm1lSRDuKxmw,spotify:track:2ls70nUDfjzm1lSRDuKxmw,BS
Style,1989,3,71PmZqBXH0RUETqxpwlV0w,spotify:track:71PmZqBXH0RUETqxpwlV0w,S
Out Of The Woods,1989,4,7EpVQjqtKygiwJIASxMWNg,spotify:track:7EpVQjqtKygiwJIASxMWNg,OOTW
All You Had To Do Was Stay,1989,5,4NNolUeL5m2ju7kf8pdg6H,spotify:track:4NNolUeL5m2ju7kf8pdg6H,AYHTDWS
Shake It Off,1989,6,1kKlhuQE0HXp1IwBRpaH2P,spotify:track:1kKlhuQE0HXp1IwBRpaH2P,SIO
I Wish You Would,1989,7,5RVJ6VKfwtosA5Q1qeHdjF,spotify:track:5RVJ6VKfwtosA5Q1qeHdjF,WYW
Bad Blood,1989,8,0TvQLMecTE8utzoNmvXRbK,spotify:track:0TvQLMecTE8utzoNmvXRbK,BB
Wildest Dreams,1989,9,3fVnlF4pGqWI9flVENcT28,spotify:track:3fVnlF4pGqWI9flVENcT28,WD
How You Get The Girl,1989,10,5Z9ocF6ng0m2haHnKtHwTp,spotify:track:5Z9ocF6ng0m2haHnKtHwTp,HYGTG
This Love,1989,11,7lTxQZVXlvIX7Z3szSy8Sh,spotify:track:7lTxQZVXlvIX7Z3szSy8Sh,TL
I Know Places,1989,12,6Ck9WerfsyvC4v4AylUoDp,spotify:track:6Ck9WerfsyvC4v4AylUoDp,KP
Clean,1989,13,2k43eySbfpDVx0PrO99UI8,spotify:track:2k43eySbfpDVx0PrO99UI8,C
State Of Grace,Red (Deluxe Edition),1,0b16LTzby1YRVd2nq2Z0fw,spotify:track:0b16LTzby1YRVd2nq2Z0fw,SOG
Red,Red (Deluxe Edition),2,7gJtmLyPTwKzhGzMBXtuXH,spotify:track:7gJtmLyPTwKzhGzMBXtuXH,R
Treacherous,Red (Deluxe Edition),3,7nECwCDHS1JvQbrmuorZIH,spotify:track:7nECwCDHS1JvQbrmuorZIH,T
I Knew You Were Trouble.,Red (Deluxe Edition),4,3lKZf71jeNi14udIFPJ29V,spotify:track:3lKZf71jeNi14udIFPJ29V,KYWT
All Too Well,Red (Deluxe Edition),5,6GNRkaWUB0Lwc19SdkTgx8,spotify:track:6GNRkaWUB0Lwc19SdkTgx8,ATW
22,Red (Deluxe Edition),6,3WC5CVAahvn98hiseoIvbw,spotify:track:3WC5CVAahvn98hiseoIvbw,2
I Almost Do,Red (Deluxe Edition),7,1eyqSYBCTane4rl4vc6PWJ,spotify:track:1eyqSYBCTane4rl4vc6PWJ,AD
We Are Never Ever Getting Back Together,Red (Deluxe Edition),8,6kISMRfweKSvgHR0urMQFG,spotify:track:6kISMRfweKSvgHR0urMQFG,WANEGBT
Stay Stay Stay,Red (Deluxe Edition),9,0F2S1QlnMaOfmNHIgmES3k,spotify:track:0F2S1QlnMaOfmNHIgmES3k,SSS
The Last Time,Red (Deluxe Edition),10,2Tz4JnXZOcjcp8fWfMjBBk,spotify:track:2Tz4JnXZOcjcp8fWfMjBBk,TLT
Holy Ground,Red (Deluxe Edition),11,3KmYVOuK2eG7LGP7qQ8DLR,spotify:track:3KmYVOuK2eG7LGP7qQ8DLR,HG
Sad Beautiful Tragic,Red (Deluxe Edition),12,70e9zuv2pJc7ON1OUAJ1zl,spotify:track:70e9zuv2pJc7ON1OUAJ1zl,SBT
The Lucky One,Red (Deluxe Edition),13,5VQLMrWhailAhErKNUSnv1,spotify:track:5VQLMrWhailAhErKNUSnv1,TLO
Everything Has Changed,Red (Deluxe Edition),14,5PjfMmF06QtxTPZBZHdhoZ,spotify:track:5PjfMmF06QtxTPZBZHdhoZ,EHC
Starlight,Red (Deluxe Edition),15,1gL4vMhDV3RgJQmDuY5HK1,spotify:track:1gL4vMhDV3RgJQmDuY5HK1,S
Begin Again,Red (Deluxe Edition),16,1yG491M3fRfowMdGN5pey4,spotify:track:1yG491M3fRfowMdGN5pey4,BA
The Moment I Knew,Red (Deluxe Edition),17,4qTAwKJQ68gmnrnfPD3vlO,spotify:track:4qTAwKJQ68gmnrnfPD3vlO,TMK
Come Back...Be Here,Red (Deluxe Edition),18,1n8rB9AhxiAvVP1E2c3yOd,spotify:track:1n8rB9AhxiAvVP1E2c3yOd,CBBH
Girl At Home,Red (Deluxe Edition),19,6VFpuI0DDmbC5UyWZQ4IRY,spotify:track:6VFpuI0DDmbC5UyWZQ4IRY,GAH
Treacherous - Original Demo Recording,Red (Deluxe Edition),20,7skiELMb9SiQCcBpsExIJf,spotify:track:7skiELMb9SiQCcBpsExIJf,TODR
Red - Original Demo Recording,Red (Deluxe Edition),21,2OghnlGqZZsFzHjG0CSE9l,spotify:track:2OghnlGqZZsFzHjG0CSE9l,RODR
State Of Grace - Acoustic,Red (Deluxe Edition),22,5mfDBWY7ncZFm7ykmFTG4i,spotify:track:5mfDBWY7ncZFm7ykmFTG4i,SOGA
State Of Grace,Red,1,786NsUYn4GGUf8AOt0SQhP,spotify:track:786NsUYn4GGUf8AOt0SQhP,SOG
Red,Red,2,0cITLOYn1Sv4q27zZPqlNK,spotify:track:0cITLOYn1Sv4q27zZPqlNK,R
Treacherous,Red,3,5kYFVSQoPu7yRpfiHBwMUk,spotify:track:5kYFVSQoPu7yRpfiHBwMUk,T
I Knew You Were Trouble.,Red,4,72jCZdH0Lhg93z6Z4hBjgj,spotify:track:72jCZdH0Lhg93z6Z4hBjgj,KYWT
All Too Well,Red,5,4XMP3zVxrnr58T0tjIHvpR,spotify:track:4XMP3zVxrnr58T0tjIHvpR,ATW
22,Red,6,2ULNeSomDxVNmdDy8VxEBU,spotify:track:2ULNeSomDxVNmdDy8VxEBU,2
I Almost Do,Red,7,5VwFkx7JOimOGTYfha5rs1,spotify:track:5VwFkx7JOimOGTYfha5rs1,AD
We Are Never Ever Getting Back Together,Red,8,7AEAGTc8cReDqcbPoY9gwo,spotify:track:7AEAGTc8cReDqcbPoY9gwo,WANEGBT
Stay Stay Stay,Red,9,1qLeEu4iXEclkLwoBlMiou,spotify:track:1qLeEu4iXEclkLwoBlMiou,SSS
The Last Time,Red,10,3n9mzjgAzjyKawvbHzciXF,spotify:track:3n9mzjgAzjyKawvbHzciXF,TLT
Holy Ground,Red,11,1fGsZsIkQkOspfsT24nQP6,spotify:track:1fGsZsIkQkOspfsT24nQP6,HG
Sad Beautiful Tragic,Red,12,6LKjHhOW1az75pCQ9XJJtF,spotify:track:6LKjHhOW1az75pCQ9XJJtF,SBT
The Lucky One,Red,13,2X2J0BhxaLTmnxO4pPUhSd,spotify:track:2X2J0BhxaLTmnxO4pPUhSd,TLO
Everything Has Changed,Red,14,4NAmRvqSITAAzKWnC8yRq3,spotify:track:4NAmRvqSITAAzKWnC8yRq3,EHC
Starlight,Red,15,7MecVsMj22MneZt7kVFaCr,spotify:track:7MecVsMj22MneZt7kVFaCr,S
Begin Again,Red,16,0L4YCNRfXAoTvdpWeH2RGj,spotify:track:0L4YCNRfXAoTvdpWeH2RGj,BA
Sparks Fly - Live/2011,Speak Now World Tour Live,1,1aBJNc2thaKyh5THWzIqHX,spotify:track:1aBJNc2thaKyh5THWzIqHX,SFL2
Mine - Live/2011,Speak Now World Tour Live,2,7yndkPYP6YQQLBpPsizDfh,spotify:track:7yndkPYP6YQQLBpPsizDfh,ML2
The Story Of Us - Live,Speak Now World Tour Live,3,72GIZuUXo14oyrS0si3Rgc,spotify:track:72GIZuUXo14oyrS0si3Rgc,TSOUL
Mean - Live/2011,Speak Now World Tour Live,4,7mFiEij8AXPUZB7aKLbUlQ,spotify:track:7mFiEij8AXPUZB7aKLbUlQ,ML2
Ours - Live/2011,Speak Now World Tour Live,5,68QyrSzpnoU04AAhE5z8lj,spotify:track:68QyrSzpnoU04AAhE5z8lj,OL2
Back To December/Apologize/You're Not Sorry - Live/2011/Medley,Speak Now World Tour Live,6,1IsquhJFJ0qcFZI7FeAEuN,spotify:track:1IsquhJFJ0qcFZI7FeAEuN,BTDAYNSL2M
Better Than Revenge - Live/2011,Speak Now World Tour Live,7,6505MLhnqTDDg4tjoUz2Wp,spotify:track:6505MLhnqTDDg4tjoUz2Wp,BTRL2
Speak Now - Live/2011,Speak Now World Tour Live,8,3QFB14MOUf3imlyISNmrbT,spotify:track:3QFB14MOUf3imlyISNmrbT,SNL2
Last Kiss - Live/2011,Speak Now World Tour Live,9,6hH37tyeRdyan1mAppmVor,spotify:track:6hH37tyeRdyan1mAppmVor,LKL2
Drops Of Jupiter - Live/2011,Speak Now World Tour Live,10,0BSmbCIY36iw04azzJ3S0S,spotify:track:0BSmbCIY36iw04azzJ3S0S,DOJL2
Bette Davis Eyes - Live/2011,Speak Now World Tour Live,11,6KF9xd2hBLuexrmBX4vUWD,spotify:track:6KF9xd2hBLuexrmBX4vUWD,BDEL2
I Want You Back - Live/2011,Speak Now World Tour Live,12,4KB3zBArZ1rHRExilzycaV,spotify:track:4KB3zBArZ1rHRExilzycaV,WYBL2
Dear John - Live/2011,Speak Now World Tour Live,13,4DbI1rr4IQ2bc8nejy9ttd,spotify:track:4DbI1rr4IQ2bc8nejy9ttd,DJL2
Enchanted - Live/2011,Speak Now World Tour Live,14,3lm4L3pPL32PFy74dR17OR,spotify:track:3lm4L3pPL32PFy74dR17OR,EL2
Haunted - Live/2011,Speak Now World Tour Live,15,6znB7YZhMJT2B83zfbiyLq,spotify:track:6znB7YZhMJT2B83zfbiyLq,HL2
Long Live - Live/2011,Speak Now World Tour Live,16,5QkzyLUb4ggojNDp8G2OxX,spotify:track:5QkzyLUb4ggojNDp8G2OxX,LLL2
Mine - POP Mix,Speak Now,1,0GxW5K0qzrq7L1jwSY5OmY,spotify:track:0GxW5K0qzrq7L1jwSY5OmY,MPM
Sparks Fly,Speak Now,2,46NGAvL695VnbcSeTmQWmM,spotify:track:46NGAvL695VnbcSeTmQWmM,SF
Back To December,Speak Now,3,5l6GqSxplqnZbLg0LTPQeG,spotify:track:5l6GqSxplqnZbLg0LTPQeG,BTD
Speak Now,Speak Now,4,7dXKdjpOaH2iwfFKmUj7aq,spotify:track:7dXKdjpOaH2iwfFKmUj7aq,SN
Dear John,Speak Now,5,3K2es3gElMRJ3qvmPW442g,spotify:track:3K2es3gElMRJ3qvmPW442g,DJ
Mean,Speak Now,6,0KztjtD3ytzgYjUKIVfBnW,spotify:track:0KztjtD3ytzgYjUKIVfBnW,M
The Story Of Us,Speak Now,7,3lXekiVK1ZPZbKconsys73,spotify:track:3lXekiVK1ZPZbKconsys73,TSOU
Never Grow Up,Speak Now,8,3JilapcaOXzjR9gtvCY8FO,spotify:track:3JilapcaOXzjR9gtvCY8FO,NGU
Enchanted,Speak Now,9,04S1pkp1VaIqjg8zZqknR5,spotify:track:04S1pkp1VaIqjg8zZqknR5,E
Better Than Revenge,Speak Now,10,0PWgAyoxsjwGRuFSO0fyya,spotify:track:0PWgAyoxsjwGRuFSO0fyya,BTR
Innocent,Speak Now,11,0mTgFzkDgSAF3nJY25XCXG,spotify:track:0mTgFzkDgSAF3nJY25XCXG,I
Haunted,Speak Now,12,2YjKcFQ1vYFhQPgsmCOjss,spotify:track:2YjKcFQ1vYFhQPgsmCOjss,H
Last Kiss,Speak Now,13,4EUQXLipplO2v9mVaqQtjc,spotify:track:4EUQXLipplO2v9mVaqQtjc,LK
Long Live,Speak Now,14,4ewAfHYpDTzpW1GKO44CVP,spotify:track:4ewAfHYpDTzpW1GKO44CVP,LL
Mine - POP Mix,Speak Now (Deluxe Package),1,0OAHsZ8vrS2NKom3cvfJQD,spotify:track:0OAHsZ8vrS2NKom3cvfJQD,MPM
Sparks Fly,Speak Now (Deluxe Package),2,09cM9BjyNFizKUOXh6j9rT,spotify:track:09cM9BjyNFizKUOXh6j9rT,SF
Back To December,Speak Now (Deluxe Package),3,0tr6XR58KBdDYd8qvHVTs8,spotify:track:0tr6XR58KBdDYd8qvHVTs8,BTD
Speak Now,Speak Now (Deluxe Package),4,2PBghI9zJkQEWBzMSMo2Ki,spotify:track:2PBghI9zJkQEWBzMSMo2Ki,SN
Dear John,Speak Now (Deluxe Package),5,1GeLxMgpeCnMJntwyW6rLw,spotify:track:1GeLxMgpeCnMJntwyW6rLw,DJ
Mean,Speak Now (Deluxe Package),6,6yM6QsnTCTVOkKEvg3hGlo,spotify:track:6yM6QsnTCTVOkKEvg3hGlo,M
The Story Of Us,Speak Now (Deluxe Package),7,7vBlnGdfOLzVEqiOQQxeU8,spotify:track:7vBlnGdfOLzVEqiOQQxeU8,TSOU
Never Grow Up,Speak Now (Deluxe Package),8,57w0Uyk2jJAkO2hMJ36xJZ,spotify:track:57w0Uyk2jJAkO2hMJ36xJZ,NGU
Enchanted,Speak Now (Deluxe Package),9,3sqrvkNC6IPTIXvvbx9Arw,spotify:track:3sqrvkNC6IPTIXvvbx9Arw,E
Better Than Revenge,Speak Now (Deluxe Package),10,55mh9j2aB7xZ1Oh463gK8k,spotify:track:55mh9j2aB7xZ1Oh463gK8k,BTR
Innocent,Speak Now (Deluxe Package),11,4LraIz87diVQdDK0rhi0S4,spotify:track:4LraIz87diVQdDK0rhi0S4,I
Haunted,Speak Now (Deluxe Package),12,72idZxdEHLbi2YI486c3sE,spotify:track:72idZxdEHLbi2YI486c3sE,H
Last Kiss,Speak Now (Deluxe Package),13,1VCJ7vk3Y2DoJIAEOXe3V8,spotify:track:1VCJ7vk3Y2DoJIAEOXe3V8,LK
Long Live,Speak Now (Deluxe Package),14,7BFc7ffruhZ4Hecnqf5xju,spotify:track:7BFc7ffruhZ4Hecnqf5xju,LL
Ours,Speak Now (Deluxe Package),15,0hK93KD6Y0j9giUGh4Valj,spotify:track:0hK93KD6Y0j9giUGh4Valj,O
If This Was A Movie,Speak Now (Deluxe Package),16,5tSmAABuoOfR59lrtXdDqm,spotify:track:5tSmAABuoOfR59lrtXdDqm,ITWM
Superman,Speak Now (Deluxe Package),17,6aJ0ipi4EPmu1aTbFeXZnw,spotify:track:6aJ0ipi4EPmu1aTbFeXZnw,S
Back To December - Acoustic,Speak Now (Deluxe Package),18,7k7BOXE4u6luKTwcLEAyrd,spotify:track:7k7BOXE4u6luKTwcLEAyrd,BTDA
Haunted - Acoustic Version,Speak Now (Deluxe Package),19,6SdBf0ZsJZoKaH5zcDaz9X,spotify:track:6SdBf0ZsJZoKaH5zcDaz9X,HAV
Mine,Speak Now (Deluxe Package),20,67Io3gxHwfbUreBf114c0u,spotify:track:67Io3gxHwfbUreBf114c0u,M
Back To December,Speak Now (Deluxe Package),21,5aNkiOMxQXkpoEY5bTYoCh,spotify:track:5aNkiOMxQXkpoEY5bTYoCh,BTD
The Story Of Us,Speak Now (Deluxe Package),22,2jt90bYlYDg1lXYWES34LJ,spotify:track:2jt90bYlYDg1lXYWES34LJ,TSOU
Jump Then Fall,Fearless (Platinum Edition),1,6WWvcA62QlnRguluWAk6bv,spotify:track:6WWvcA62QlnRguluWAk6bv,JTF
Untouchable,Fearless (Platinum Edition),2,6ovFJkdau79DuXEvQjPaNH,spotify:track:6ovFJkdau79DuXEvQjPaNH,U
Forever & Always - Piano Version,Fearless (Platinum Edition),3,13MAWVUSkbGMUi6I7RowRK,spotify:track:13MAWVUSkbGMUi6I7RowRK,FAPV
Come In With The Rain,Fearless (Platinum Edition),4,0cEG04R5cldkTLzK6phlcn,spotify:track:0cEG04R5cldkTLzK6phlcn,CIWTR
SuperStar,Fearless (Platinum Edition),5,0XfTh16YcKPzdxMPTeKTAq,spotify:track:0XfTh16YcKPzdxMPTeKTAq,S
The Other Side Of The Door,Fearless (Platinum Edition),6,1yDJcXc549N6AabNBzFAku,spotify:track:1yDJcXc549N6AabNBzFAku,TOSOTD
Fearless,Fearless (Platinum Edition),7,2okho7vU7Nsq1UZD0kgIMi,spotify:track:2okho7vU7Nsq1UZD0kgIMi,F
Fifteen,Fearless (Platinum Edition),8,5Ora3Ish2A1JN5veGYTxhw,spotify:track:5Ora3Ish2A1JN5veGYTxhw,F
Love Story,Fearless (Platinum Edition),9,5hnJCRSo4pxRsaEwT9YusG,spotify:track:5hnJCRSo4pxRsaEwT9YusG,LS
Hey Stephen,Fearless (Platinum Edition),10,3CI1f4yLwdHzcUnH7o0Xyh,spotify:track:3CI1f4yLwdHzcUnH7o0Xyh,HS
White Horse,Fearless (Platinum Edition),11,5yKB8qcTSflDercM2PXwot,spotify:track:5yKB8qcTSflDercM2PXwot,WH
You Belong With Me,Fearless (Platinum Edition),12,4kgTdThcDHfuDS2kKxB7Lc,spotify:track:4kgTdThcDHfuDS2kKxB7Lc,YBWM
Breathe,Fearless (Platinum Edition),13,23qIWGhpwvDgC23TyZOUck,spotify:track:23qIWGhpwvDgC23TyZOUck,B
Tell Me Why,Fearless (Platinum Edition),14,4x7Gxk2GfwZJcqpoVT1PbR,spotify:track:4x7Gxk2GfwZJcqpoVT1PbR,TMW
You're Not Sorry,Fearless (Platinum Edition),15,3JhvYnOfKLJuWC7jEU0GmJ,spotify:track:3JhvYnOfKLJuWC7jEU0GmJ,YNS
The Way I Loved You,Fearless (Platinum Edition),16,4pEZUytwBzha5Un6m3SCFf,spotify:track:4pEZUytwBzha5Un6m3SCFf,TWLY
Forever & Always,Fearless (Platinum Edition),17,3NKCWBT2uKp8rxSkcvIrdX,spotify:track:3NKCWBT2uKp8rxSkcvIrdX,FA
The Best Day,Fearless (Platinum Edition),18,7CjuAoOiSrwWv7wJonAUmw,spotify:track:7CjuAoOiSrwWv7wJonAUmw,TBD
Change,Fearless (Platinum Edition),19,3gFaNwyiafgUoQhR0pHYA9,spotify:track:3gFaNwyiafgUoQhR0pHYA9,C
Fearless,Fearless (International Version),1,6zV8AVM9eVfdG7Qahwd64R,spotify:track:6zV8AVM9eVfdG7Qahwd64R,F
Fifteen,Fearless (International Version),2,4yf9OivCH2lmQWN8mzpCC6,spotify:track:4yf9OivCH2lmQWN8mzpCC6,F
Love Story,Fearless (International Version),3,5xPsybHWRHbTYO44xnREY5,spotify:track:5xPsybHWRHbTYO44xnREY5,LS
Hey Stephen,Fearless (International Version),4,4fWDgRZa0GKE5KZNhE9MQa,spotify:track:4fWDgRZa0GKE5KZNhE9MQa,HS
White Horse,Fearless (International Version),5,1yFjBRQVhRdcdnrTE5LuyD,spotify:track:1yFjBRQVhRdcdnrTE5LuyD,WH
You Belong With Me,Fearless (International Version),6,7G6TDmGJXDoBaV6NGj3Yic,spotify:track:7G6TDmGJXDoBaV6NGj3Yic,YBWM
Breathe,Fearless (International Version),7,0qsSmObOgBZfuMIwfAQDBP,spotify:track:0qsSmObOgBZfuMIwfAQDBP,B
Tell Me Why,Fearless (International Version),8,6vLpy7UPYuOa75Bkqocrcw,spotify:track:6vLpy7UPYuOa75Bkqocrcw,TMW
You're Not Sorry,Fearless (International Version),9,4N419mmxYybTfAECy5j4dw,spotify:track:4N419mmxYybTfAECy5j4dw,YNS
The Way I Loved You,Fearless (International Version),10,04LDcz3RX1P5sIlzQGqgUN,spotify:track:04LDcz3RX1P5sIlzQGqgUN,TWLY
Forever & Always,Fearless (International Version),11,3yuOL0jFnVR8tizZzNNo0F,spotify:track:3yuOL0jFnVR8tizZzNNo0F,FA
The Best Day,Fearless (International Version),12,7G9D32Kx7hdQ9Uga1V4VXm,spotify:track:7G9D32Kx7hdQ9Uga1V4VXm,TBD
Change,Fearless (International Version),13,493jXNrYmXPCMbSJvVRYLk,spotify:track:493jXNrYmXPCMbSJvVRYLk,C
Our Song - International Mix,Fearless (International Version),14,5Ct2PYPUSogyWvbV40k9Bf,spotify:track:5Ct2PYPUSogyWvbV40k9Bf,OSIM
Teardrops On My Guitar - International Mix,Fearless (International Version),15,2RM02ladxD5mgdrlAwh3h9,spotify:track:2RM02ladxD5mgdrlAwh3h9,TOMGIM
Should've Said No - International Mix,Fearless (International Version),16,2gwvtlwlKhvkfjz7Fcb6Yk,spotify:track:2gwvtlwlKhvkfjz7Fcb6Yk,SSNIM
Love Story - Live From Clear Channel Stripped 2008,Live From Clear Channel Stripped 2008,1,4RBKAqJ3qyvvriDG0s9IJ3,spotify:track:4RBKAqJ3qyvvriDG0s9IJ3,LSLFCCS2
Fearless - Live From Clear Channel Stripped 2008,Live From Clear Channel Stripped 2008,2,5g7RMU3cV7zXWH244BLe7G,spotify:track:5g7RMU3cV7zXWH244BLe7G,FLFCCS2
Beautiful Eyes - Live From Clear Channel Stripped 2008,Live From Clear Channel Stripped 2008,3,4aBW31cmkA7BLColUsMEeZ,spotify:track:4aBW31cmkA7BLColUsMEeZ,BELFCCS2
Untouchable - Live From Clear Channel Stripped 2008,Live From Clear Channel Stripped 2008,4,4MbHDiHQjhmoVAV75G04Ql,spotify:track:4MbHDiHQjhmoVAV75G04Ql,ULFCCS2
Teardrops On My Guitar - Live From Clear Channel Stripped 2008,Live From Clear Channel Stripped 2008,5,4DjevQhsPWULcondN4mRh5,spotify:track:4DjevQhsPWULcondN4mRh5,TOMGLFCCS2
Picture To Burn - Live From Clear Channel Stripped 2008,Live From Clear Channel Stripped 2008,6,7EvU9pRoJ9Xs7anx0P7tEc,spotify:track:7EvU9pRoJ9Xs7anx0P7tEc,PTBLFCCS2
Should've Said No - Live From Clear Channel Stripped 2008,Live From Clear Channel Stripped 2008,7,5a9hUL6ZuiagZhazwrtwHF,spotify:track:5a9hUL6ZuiagZhazwrtwHF,SSNLFCCS2
Change - Live From Clear Channel Stripped 2008,Live From Clear Channel Stripped 2008,8,69o9kr9UexjzeZDE8yD8dQ,spotify:track:69o9kr9UexjzeZDE8yD8dQ,CLFCCS2
Tim McGraw,Taylor Swift (Deluxe Edition),1,2Fn01AIMyHbha2ceNQeOqw,spotify:track:2Fn01AIMyHbha2ceNQeOqw,TM
Picture To Burn,Taylor Swift (Deluxe Edition),2,4BYejINgfZF0qKDMEH2cim,spotify:track:4BYejINgfZF0qKDMEH2cim,PTB
Teardrops On My Guitar - Radio Single Remix,Taylor Swift (Deluxe Edition),3,2TF4UtYreqNbQ6Z9AccldU,spotify:track:2TF4UtYreqNbQ6Z9AccldU,TOMGRSR
A Place in this World,Taylor Swift (Deluxe Edition),4,1oR4MUBpyNrAViC8wPNpfm,spotify:track:1oR4MUBpyNrAViC8wPNpfm,PITW
Cold As You,Taylor Swift (Deluxe Edition),5,569sXXQ7t0jSdqHooi2yqs,spotify:track:569sXXQ7t0jSdqHooi2yqs,CAY
The Outside,Taylor Swift (Deluxe Edition),6,5Tj2MqcFMf60CaGsKbM1aq,spotify:track:5Tj2MqcFMf60CaGsKbM1aq,TO
Tied Together with a Smile,Taylor Swift (Deluxe Edition),7,2zzxwmoOBnXDT0KnJsoIWk,spotify:track:2zzxwmoOBnXDT0KnJsoIWk,TTWS
Stay Beautiful,Taylor Swift (Deluxe Edition),8,41sjzdjScVwnxnxADElts6,spotify:track:41sjzdjScVwnxnxADElts6,SB
Should've Said No,Taylor Swift (Deluxe Edition),9,6CdaXOq1MWe2JHDalTG01d,spotify:track:6CdaXOq1MWe2JHDalTG01d,SSN
Mary's Song (Oh My My My),Taylor Swift (Deluxe Edition),10,2O8sogKJCfVZ4rotBv1vVF,spotify:track:2O8sogKJCfVZ4rotBv1vVF,MS(OMMM)
Our Song,Taylor Swift (Deluxe Edition),11,1j6gmK6u4WNI33lMZ8dC1s,spotify:track:1j6gmK6u4WNI33lMZ8dC1s,OS
I'm Only Me When I'm With You,Taylor Swift (Deluxe Edition),12,7CzxXgQXurKZCyHz9ufbo1,spotify:track:7CzxXgQXurKZCyHz9ufbo1,IOMWIWY
Invisible,Taylor Swift (Deluxe Edition),13,1k3PzDNjg38cWqOvL4M9vq,spotify:track:1k3PzDNjg38cWqOvL4M9vq,I
A Perfectly Good Heart,Taylor Swift (Deluxe Edition),14,0YgHuReCSPwTXYny7isLja,spotify:track:0YgHuReCSPwTXYny7isLja,PGH
Teardrops on My Guitar - Pop Version,Taylor Swift (Deluxe Edition),15,1hxLyjC9D9Jpw6EAPKqWv4,spotify:track:1hxLyjC9D9Jpw6EAPKqWv4,TOMGPV
